<?xml version="1.0" encoding="UTF-8"?>
<window>
    <defaultcontrol always="true">8000</defaultcontrol>
    <controls>
        <control type="group">
            <!--background-->
            <control type="group">
                <include>fadeInOut</include>
                <control type="image">
                    <include>dimensionsFullscreen</include>
                    <texture>colors/black.png</texture>
                    <colordiffuse>eeFFFFFF</colordiffuse>
                    <aspectratio>stretch</aspectratio>
                </control>
            </control>
            <!--Battery Level-->
            <include>Battery</include>
		    <!--Backbutton touchscreen-->
       	    <include>Backbutton</include>
            <!--content-->
            <control type="group">
                <posx>col-7-begin</posx>
                <posy>row-5-begin</posy>
                <include>modalDialogInOut</include>
                <!--titles-->
                <control type="label">
                    <description>Episode title</description>
                    <posx>0</posx>
                    <posy>0</posy>
                    <width>12-col-gutter</width>
                    <height>3-row</height>
                    <align>left</align>
                    <aligny>center</aligny>
                    <font>largeTitle</font>
                    <textcolor>textActive</textcolor>
                    <shadowcolor></shadowcolor>
                    <label>$INFO[ListItem.Label]</label>
                    <wrapmultiline>true</wrapmultiline>
                </control>
                <!--meta-->
                <control type="panel">
                    <posx>0</posx>
                    <posy>132</posy>
                    <width>10-col</width>
                    <height>6-row</height>
                    <enable>false</enable>
                    <itemlayout width="5-col" height="78">
                        <control type="label">
                            <posx>0</posx>
                            <posy>0</posy>
                            <width>324</width>
                            <font>itemSubTitle</font>
                            <textcolor>$VAR[highlight]</textcolor>
                            <label>[B]$INFO[ListItem.label][/B]</label>
                            <shadowcolor></shadowcolor>
                        </control>
                        <control type="label"> 
                            <posx>0</posx>
                            <posy>30</posy>
                            <width>324</width>
                            <font>itemSubTitle</font>
                            <textcolor>textActive</textcolor>
                            <label fallback="13205">[B]$INFO[ListItem.label2][/B]</label>
                            <shadowcolor></shadowcolor>
                        </control>
                    </itemlayout>
                    <focusedlayout width="5-col" height="78">
                    </focusedlayout>
                    <content>
                        <item>
                            <label>$LOCALIZE[19029]</label>
                            <label2>$INFO[ListItem.channelname]</label2>
                            <thumb></thumb>
                        </item>
                        <item>
                            <label>$LOCALIZE[552]</label>
                            <label2>$INFO[ListItem.startdate]</label2>
                            <thumb></thumb>
                        </item>
                        <item>
                            <label>$LOCALIZE[515]</label>
                            <label2>$INFO[ListItem.genre]</label2>
                            <thumb></thumb>
                        </item>
                        <item>
                            <label>$LOCALIZE[180]</label>
                            <label2>$INFO[ListItem.duration]</label2>
                            <thumb></thumb>
                        </item>
                        <item>
                            <visible>!String.IsEmpty(ListItem.Episode)</visible>
                            <label>$LOCALIZE[20373]</label>
                            <label2>$INFO[ListItem.Season]</label2>
                            <thumb></thumb>
                        </item>
                        <item>
                            <visible>!String.IsEmpty(ListItem.Episode)</visible>
                            <label>$LOCALIZE[20359]</label>
                            <label2>$INFO[ListItem.Episode]</label2>
                            <thumb></thumb>
                        </item>
                    </content>
                </control>
                <!--synopsis-->
                <control type="textbox">
                    <visible>!String.IsEmpty(ListItem.Episode)</visible>
                    <posx>0</posx>
                    <posy>365</posy>
                    <font>textbox</font>
                    <width>12-col</width>
                    <align>left</align>
                    <textcolor>textActive</textcolor>
                    <shadowcolor></shadowcolor>
                    <height>200</height>
                    <label>$INFO[ListItem.plot]</label>
                    <autoscroll>false</autoscroll>
                    <pagecontrol>61</pagecontrol>
                </control>
                <control type="textbox">
                    <visible>String.IsEmpty(ListItem.Episode)</visible>
                    <posx>0</posx>
                    <posy>292</posy>
                    <font>textbox</font>
                    <width>12-col</width>
                    <align>left</align>
                    <textcolor>textActive</textcolor>
                    <shadowcolor></shadowcolor>
                    <height>232</height>
                    <label>$INFO[ListItem.plot]</label>
                    <autoscroll>false</autoscroll>
                    <pagecontrol>61</pagecontrol>
                </control>
                <control type="scrollbar" id="61">
                    <include>scrollbarwidth</include>
                    <include>scrollbarposx</include>
                    <include>scrollbarcolor</include>
                    <posy>300</posy>
                    <height>6-row</height>
                    <showonepage>false</showonepage>
                    <ondown>8000</ondown>
                </control>

                <!--dialog controls-->
                <control type="list" id="8000">
                    <posx>0</posx>
                    <posy>16-row</posy>
                    <width>12-col</width>
                    <height>2-row</height>
                    <onup>61</onup>
                    <orientation>horizontal</orientation>
                    <itemlayout width="4-col" height="2-row">
                        <control type="image">
                            <posx>0</posx>
                            <posy>0</posy>
                            <width>4-col</width>
                            <height>2-row</height>
                            <aspectratio>stretch</aspectratio>
                            <texture>colors/black.png</texture>
                        </control>
                        <control type="label">
                            <posx>0</posx>
                            <posy>0</posy>
                            <width>1-col</width>
                            <height>2-row</height>
                            <aligny>center</aligny>
                            <align>center</align>
                            <font>symbolLarge</font>
                            <textcolor>textActive</textcolor>
                            <label>$INFO[ListItem.label2]</label>
                            <shadowcolor></shadowcolor>
                        </control>
                        <control type="label">
                            <posx>1-col-indent</posx>
                            <posy>0</posy>
                            <width>3-col</width>
                            <height>2-row</height>
                            <aligny>center</aligny>
                            <font>buttonTitle</font>
                            <textcolor>textActive</textcolor>
                            <label>$INFO[ListItem.label]</label>
                            <shadowcolor></shadowcolor>
                        </control>
                    </itemlayout>
                    <focusedlayout width="4-col" height="2-row">
                        <control type="image">
                            <posx>0</posx>
                            <posy>0</posy>
                            <width>1-col-textbox</width>
                            <height>2-row</height>
                            <aspectratio>stretch</aspectratio>
                            <texture>colors/white.png</texture>
                            <colordiffuse>$VAR[highlight]</colordiffuse>
                            <include>spinFocusIcon</include>
                        </control>
                        <control type="image">
                            <posx>1-col</posx>
                            <posy>0</posy>
                            <width>3-col</width>
                            <height>2-row</height>
                            <aspectratio>stretch</aspectratio>
                            <texture colordiffuse="$VAR[selected_box]">Colors/white.png</texture>
                        </control>
                        <control type="label">
                            <posx>0</posx>
                            <posy>0</posy>
                            <width>1-col</width>
                            <height>2-row</height>
                            <aligny>center</aligny>
                            <align>center</align>
                            <font>symbolLarge</font>
                            <textcolor>$VAR[Home]</textcolor>
                            <label>$INFO[ListItem.label2]</label>
                            <shadowcolor></shadowcolor>
                        </control>
                        <control type="label">
                            <posx>1-col-indent</posx>
                            <posy>0</posy>
                            <width>3-col</width>
                            <height>2-row</height>
                            <aligny>center</aligny>
                            <font>buttonTitle</font>
                            <textcolor>black</textcolor>
                            <label>$INFO[ListItem.label]</label>
                            <shadowcolor></shadowcolor>
                        </control>
                    </focusedlayout>
                    <content>
                        <item id="1">
							<visible>window.isactive(tvchannels) | window.isactive(radiochannels) | window.isactive(tvguide)</visible>
                            <label>208</label>
                            <label2></label2>
                            <thumb></thumb>
                            <onclick>sendclick(pvrguideinfo,5)</onclick>
                        </item>
						<item id="2">
							<visible>window.isactive(tvrecordings) | window.isactive(radiorecordings)</visible>
                            <label>208</label>
                            <label2></label2>
                            <thumb></thumb>
                            <onclick>sendclick(pvrrecordinginfo,8)</onclick>
                        </item>
                        <item id="3">
							<visible>!window.isactive(tvrecordings)  + ListItem.HasTimer + !window.isactive(radiorecordings)</visible>
                            <label>19060</label>
                            <label2></label2>
                            <thumb></thumb>
                            <onclick>SendClick(10702,6)</onclick>
                        </item>
                        <item id="4">
							<visible>window.isactive(tvchannels)  + !ListItem.HasTimer | window.isactive(radiochannels)  + !ListItem.HasTimer | window.isactive(tvguide) + !ListItem.HasTimer</visible>
                            <label>826</label>
                            <label2></label2>
                            <thumb></thumb>
                            <onclick>SendClick(10702,11)</onclick>
                        </item>
                        <item id="5">
							<visible>!window.isactive(tvrecordings) + !window.isactive(radiorecordings) + window.isactive(tvguide)</visible>
                            <label>31073</label>
                            <label2></label2>
                            <thumb></thumb>
                            <onclick>dialog.close(all,true)</onclick>
                            <onclick>ActivateWindow(TVGuide)</onclick>
                            <onclick>Control.SetFocus(10)</onclick>
                        </item>
                    </content>
                </control>
            </control>
        </control>
        <!--buttons-->
        <control type="group">
            <visible>false</visible>
            <control type="button" id="4">
                <description>Find similar</description>
                <label>19003</label>
            </control>
            <control type="button" id="5">
                <description>Switch to Channel</description>
                <label>19165</label>
            </control>
            <control type="button" id="6">
                <description>Record</description>
            </control>
            <control type="button" id="8">
                <description>Play recording</description>
                <label>19687</label>
            </control>
            <control type="button" id="11">
                <description>Set Reminder</description>
                <label>826</label>
            </control>
        </control>
        <!--debugging-->
        <include>DebugGrid</include>
        <control type="label">
            <include>WindowID</include>
            <label>DialogPVRInfo.xml</label>
        </control>
    </controls>
</window>
