<?xml version="1.0" encoding="UTF-8"?>
<window>
    <defaultcontrol>3</defaultcontrol>
    <onload>setfocus(3)</onload>
    <controls>
        <!--background-->
        <include>globalBackground</include>
        <control type="multiimage">
			<animation effect="fade" start="0" end="100" time="1000">WindowOpen</animation>
			<include>dimensionsFullscreen</include>
			<imagepath>$VAR[SettingsCategoryBackgroundLocation]</imagepath>
			<timeperimage>45000</timeperimage>
			<fadetime>200</fadetime>
			<pauseatend>10000</pauseatend>
			<randomize>true</randomize>
			<loop>yes</loop>
			<aspectratio>scale</aspectratio>
			<colordiffuse>99ffffff</colordiffuse>
		</control>
        <!--Battery Level-->
        <include>Battery</include>
        <include>Backbutton</include>
		<!--mini window-->
		<include>miniVideoPlayer</include>
        <!--placeholder label for current setting group title-->
        <control type="label" id="2">
            <visible>false</visible>
            <posx>0</posx>
            <posy>0</posy>
            <width>8-col</width>
            <font>regular</font>
            <label></label>
            <textcolor>menuUnselected</textcolor>
        </control>
        <!--Settings category-->
        <control type="group" id="9001">
            <posx>col-4-begin</posx>
            <posy>row-5-begin</posy>
            <!--animations-->
            <include>modalDialogInOutVertical</include>
            <control type="image">
                <posx>-12</posx>
                <posy>-12</posy>
                <width>1320</width>
                <height>720</height>
                <texture>colors/black.png</texture>
                <colordiffuse>overlay</colordiffuse>
                <aspectratio>stretch</aspectratio>
            </control>
            <control type="image">
                <posx>0</posx>
                <posy>0</posy>
                <width>18-col</width>
                <height>2-row</height>
                <texture>colors/white.png</texture>
                <colordiffuse>$VAR[highlight]</colordiffuse>
                <aspectratio>stretch</aspectratio>
            </control>
            <control type="label">
                <posx>24</posx>
                <posy>0</posy>
                <width>16-col</width>
                <height>2-row</height>
                <aligny>center</aligny>
                <font>dialogTitle</font>
                <label>$INFO[control.getlabel(2)]</label>
                <textcolor>$VAR[Home]</textcolor>
                <shadowcolor></shadowcolor>
            </control>
            <!--Category submenu-->
            <control type="button" id="1234">
                <posx>0</posx>
                <posy>624</posy>
                <font>smallStrong</font>
                <texturenofocus colordiffuse="FFFFFF">colors/white.png</texturenofocus>
                <label>[B][COLOR $VAR[selected]]$LOCALIZE[21417]:[/COLOR][/B] $INFO[control.getlabel(20)]</label>
                <onclick>SettingsLevelChange</onclick>
                <onup>3</onup>
                <onright>5</onright>
				<width>276</width>
            </control>
            <control type="grouplist" id="3">
				<animation type="conditional" condition="control.hasfocus(1234)">
		            <effect type="fade" start="100" end="80" time="100"/>
		        </animation>
                <posx>0</posx>
                <posy>84</posy>
                <width></width>
                <itemgap>0</itemgap>
                <height>538</height>
                <onleft>9000</onleft>
                <onright>5</onright>
                <onup>8000</onup>
                <ondown>1234</ondown>
                <orientation>vertical</orientation>
            </control>
            <!--options-->
            <control type="grouplist" id="5">
                <posx>4-col</posx>
                <posy>84</posy>
                <width>14-col</width>
                <height>606</height>
                <onleft>3</onleft>
                <onright>3</onright>
                <onup>5</onup>
                <ondown>5</ondown>
                <orientation>vertical</orientation>
                <itemgap>0</itemgap>
            </control>
            <control type="button" id="7">
                <description>Default Button</description>
                <texturenofocus></texturenofocus>
            </control>
            <control type="label" id="14">
                <description>Default Label</description>
                <label></label>
                <align>left</align>
                <aligny>center</aligny>
                <textoffsetx>24</textoffsetx>
                <height>2-row</height>
                <font>settingsCategoryTitle</font>
                <textcolor>$VAR[highlight]</textcolor>
                <shadowcolor></shadowcolor>
            </control>
            <control type="radiobutton" id="8">
                <description>Default Radio Button</description>
                
                <texturenofocus></texturenofocus>
            </control>
            <control type="spincontrolex" id="9">
                <description>Default Spin Control</description>
                <texturenofocus></texturenofocus>
            </control>
            <control type="sliderex" id="13">
                <description>Default Slider</description>
                <texturenofocus></texturenofocus>
            </control>
            <control type="colorbutton" id="15">
		    </control>
            <!--subcat menu buttons-->
            <control type="togglebutton" id="10">
                <description>Default Category Button</description>
                <width>276</width>
                <font>buttonTitle</font>
                <texturefocus colordiffuse="$VAR[selected_box]">Colors/white.png</texturefocus>
                <texturenofocus></texturenofocus>
            </control>
            <control type="button" id="20">
                <visible>false</visible>
                <description>Change settings level</description>
            </control>
        </control>
        <!--debugging-->
        <include>DebugGrid</include>
        <control type="label">
            <include>WindowID</include>
            <label>SettingsCategory.xml</label>
        </control>
    </controls>
</window>
