{
    "name"              : "[COLORyellow]xCine[/COLOR]",
	"plugin" 			: "plugin.video.xstream",
	"priority"          : 180,
	"language"          : "de",
	"is_resolvable"     : "true",
	"assert"            :{
							"play_movie":       ["title", "year"],
							"play_episode":     ["showname", "season", "episode"],
							"search_movie":     ["title"],
							"search_episode":   ["showname"]
						},
	"fallback"			:{
							"play_episode": "xS_GlobalSearch.json search_episode"
						},
    "play_movie" 		:[
							"plugin://plugin.video.xstream/?function=showSearch&site=xcine",
							{"keyboard": "{title}"},
							{"title": "{title}"}
                        ],						
	"play_episode"      :[
							"plugin://plugin.video.xstream/?function=showSearch&site=xcine",
							{"keyboard": "{showname}"},
							{"title": "(?i).*{showname}.*Staffel.*?{season}"},
							{"title": "(?i).*Episode.*{episode}"}
                        ]
}

