{
    "name"              : "[COLORcyan]Movie2k[/COLOR]",
	"plugin" 			: "plugin.video.xstream",
	"priority"          : 140,
	"language"          : "de",
	"is_resolvable"     : "true",
	"assert"            :{
							"play_movie":       ["title", "year"],
							"search_movie":     ["title"]
						},
	"fallback"			:{
							"play_movie": "xS_GlobalSearch.json search_movie",
							"play_episode": "xS_GlobalSearch.json search_episode"
						},
    "play_movie" 		:[
							"plugin://plugin.video.xstream/?function=showSearch&site=movie2k",
							{"keyboard": "{title}"},
							{"title": "{title}"}
						],
						"play_episode"      :[
							"plugin://plugin.video.xstream/?function=showSearch&site=movie4k",
							{"keyboard": "{showname}"},			
							{"title": "(?i).*{showname}.*Staffel.*{season}"},
							{"episode": "{episode}"}
                        ],
	"play_episode": [
		"plugin://plugin.video.xstream/?function=showSearch&site=movie2k",
		{
			"keyboard": "{showname}"
		},
		{
			"title": "(?i).*{showname}.*Staffel.*{season}"
		},
		{
			"episode": "{episode}"
		}
	]
}

