<?xml version="1.0" encoding="UTF-8" standalone="yes"?>
<addon id="plugin.audio.ilovemusic" name="I Love Music" version="3.0.2" provider-name="adiko01">
    <requires>
		<import addon="xbmc.python" version="3.0.0"/>
        <import addon="script.module.requests" version="2.22.0" />
	</requires>
	<extension point="xbmc.python.pluginsource" library="addon.py">
		<provides>audio</provides>
	</extension>
	<extension point="xbmc.addon.metadata">
		<platform>all</platform>
		<license>CC-BY-SA-4.0</license>
		<summary lang="de_DE">I Love Music</summary>
		<description lang="de_DE">
			I Love Music - Webstreams
		</description>
		<summary lang="en_GB">I Love Music</summary>
		<description lang="en_GB">
			I Love Music - Webstream player
		</description>
		<language>de</language>
		<website>https://www.ilovemusic.de</website>
		<email>dev@adiko01.de</email>
		<source>https://github.com/adiko01/plugin.audio.ilovemusic</source>
		<news>v3.0.1 (04/06/2022)
			Die Senderliste kann nun auch ohne Plugin Update über Github aktualisiert werden. 
		</news>
		<assets>
			<icon>resources/icon.png</icon>
			<fanart>resources/fanart.jpg</fanart>
			<screenshot>resources/screenshot-1.jpg</screenshot>
			<screenshot>resources/screenshot-3.jpg</screenshot>
			<screenshot>resources/screenshot-4.jpg</screenshot>
		</assets>
	</extension>
</addon>
