<?xml version="1.0" encoding="UTF-8" standalone="yes"?>
<addon id="repository.stickdrift" name="Stickdrift Repository" provider-name="stickdrift29" version="3.0.15">
	    <extension point="xbmc.addon.repository" name="Stickdrift repo">
            <dir>
                <info compressed="false">https://stickdrift29.github.io/stickdrift/repo/Kodi/addons.xml</info>
                <checksum>https://stickdrift29.github.io/stickdrift/repo/Kodi/addons.xml.md5</checksum>
                <datadir zip="true">https://stickdrift29.github.io/stickdrift/repo/Kodi/</datadir>
            </dir>
            <dir>
				<info compressed="false">https://raw.githubusercontent.com/bugatsinho/bugatsinho.github.io/master/addons.xml</info>
				<checksum>https://raw.githubusercontent.com/bugatsinho/bugatsinho.github.io/master/addons.xml.md5</checksum>
				<datadir zip="true">https://raw.githubusercontent.com/bugatsinho/bugatsinho.github.io/master/_zips</datadir>
				<hashes>false</hashes>
			</dir>
            <dir>
			    <info compressed="false">https://michaz1988.github.io/repo/addons.xml</info>
			    <checksum>https://michaz1988.github.io/repo/addons.xml.md5</checksum>
			    <datadir zip="true">https://michaz1988.github.io/repo/</datadir>
		    </dir>
            
            <dir>
                <info compressed="false">https://raw.githubusercontent.com/Gujal00/smrzips/master/addons.xml</info>
                <checksum>https://raw.githubusercontent.com/Gujal00/smrzips/master/addons.xml.md5</checksum>
                <datadir zip="true">https://raw.githubusercontent.com/Gujal00/smrzips/master/zips/</datadir>
            </dir>
            <dir minversion="19.0.0" maxversion="22.0.0">
                <info compressed="false">https://kodi-unlimited-support.de/repo/data/addons.xml.gz</info>
                <checksum verify="sha256">https://kodi-unlimited-support.de/repo/data/addons.xml.gz.sha256</checksum>
                <datadir zip="true">https://kodi-unlimited-support.de/repo/data</datadir>
                <hashes>sha256</hashes>
            </dir>
            <dir>
			    <info compressed="false">https://raw.githubusercontent.com/xbmc-adult/xbmc-adult/ghmaster/addons.xml</info>
			    <checksum>https://raw.githubusercontent.com/xbmc-adult/xbmc-adult/ghmaster/addons.xml.md5</checksum>
			    <datadir zip="true">https://raw.githubusercontent.com/xbmc-adult/xbmc-adult/ghmaster</datadir>
		    </dir>

            <dir>
			    <info compressed="false">https://raw.githubusercontent.com/deklica/repo.dexe/master/repo/addons.xml</info>
			    <checksum>https://raw.githubusercontent.com/deklica/repo.dexe/master/repo/addons.xml.md5</checksum>
			    <datadir zip="true">https://raw.githubusercontent.com/deklica/repo.dexe/master/repo/</datadir>
		    </dir>
		    <dir minversion="19.0.0">
			    <info compressed="false">https://raw.githubusercontent.com/deklica/repo.dexe/master/addons.xml</info>
			    <checksum>https://raw.githubusercontent.com/deklica/repo.dexe/master/addons.xml.md5</checksum>
			    <datadir zip="true">https://raw.githubusercontent.com/deklica/repo.dexe/master/zips/</datadir>
			    <hashes>false</hashes>
		    </dir>
		    <dir minversion="19.0.0">
			    <info compressed="false">https://gitfront.io/r/dexe/n7TtSm9NEVFs/dexerepo/raw/addons.xml</info>
			    <checksum>https://gitfront.io/r/dexe/n7TtSm9NEVFs/dexerepo/raw/addons.xml.md5</checksum>
			    <datadir zip="true">https://gitfront.io/r/dexe/n7TtSm9NEVFs/dexerepo/raw/zips/</datadir>
			    <hashes>false</hashes>
		    </dir>
            <dir>
                <info compressed="false">https://raw.githubusercontent.com/dobbelina/repository.dobbelina/master/addons.xml</info>
                <checksum>https://raw.githubusercontent.com/dobbelina/repository.dobbelina/master/addons.xml.md5</checksum>
                <datadir zip="true">https://raw.githubusercontent.com/dobbelina/repository.dobbelina/master/</datadir>
		    </dir>
        </extension>
        <extension point="xbmc.addon.metadata">
            <summary>Kodi</summary>
            <description lang="de">Addons von stickdrift29</description>
            <disclaimer></disclaimer>
            <platform>all</platform>
            <assets>
			    <icon>icon.png</icon>
		    </assets>
        </extension>
</addon>