<?xml version="1.0" encoding="UTF-8"?>
<shortcuts>
    <shortcut>
        <label>31221</label>
        <label2>32034</label2>
        <icon>DefaultAddon.png</icon>
        <thumb />
        <action>XBMC.PlayDVD()</action>
    </shortcut>
    <shortcut>
        <visible>System.HasMediaDVD</visible>
        <label>31251</label>
        <label2>32034</label2>
        <icon>DefaultAddon.png</icon>
        <thumb />
        <action>EjectTray()</action>
    </shortcut>
    <shortcut>
        <visible>System.HasAddon(plugin.video.themoviedb.helper)</visible>
        <label>137</label>
        <label2>32034</label2>
        <icon>DefaultAddon.png</icon>
        <thumb/>
        <action>ActivateWindow(10025,plugin://plugin.video.themoviedb.helper/?info=search&amp;tmdb_type=both)</action>
    </shortcut>
    <shortcut>
        <visible>System.HasAddon(plugin.video.themoviedb.helper) + !String.IsEmpty(Window(Home).Property(TMDbHelper.TraktIsAuth))</visible>
        <label>342</label>
        <label2>32034</label2>
        <icon>DefaultAddon.png</icon>
        <thumb />
        <action>ActivateWindow(1142)</action>
    </shortcut>
    <shortcut>
        <visible>System.HasAddon(plugin.video.themoviedb.helper) + !String.IsEmpty(Window(Home).Property(TMDbHelper.TraktIsAuth))</visible>
        <label>20343</label>
        <label2>32034</label2>
        <icon>DefaultAddon.png</icon>
        <thumb />
        <action>ActivateWindow(1143)</action>
    </shortcut>
    <shortcut>
        <visible>System.HasAddon(plugin.video.themoviedb.helper) + String.IsEmpty(Window(Home).Property(TMDbHelper.TraktIsAuth))</visible>
        <label>342</label>
        <label2>32034</label2>
        <icon>DefaultAddon.png</icon>
        <thumb />
        <action>ActivateWindow(1144)</action>
    </shortcut>
    <shortcut>
        <visible>System.HasAddon(plugin.video.themoviedb.helper) + String.IsEmpty(Window(Home).Property(TMDbHelper.TraktIsAuth))</visible>
        <label>20343</label>
        <label2>32034</label2>
        <icon>DefaultAddon.png</icon>
        <thumb />
        <action>ActivateWindow(1145)</action>
    </shortcut>
    <shortcut>
        <visible>PVR.HasTVChannels</visible>
        <label>31249</label>
        <label2>32034</label2>
        <icon>kodilogo.png</icon>
        <thumb>$INFO[Listitem.thumb]</thumb>
        <action>ActivateWindow(TVChannels)</action>
    </shortcut>
    <shortcut>
        <visible>PVR.HasRadioChannels</visible>
        <label>31250</label>
        <label2>32034</label2>
        <icon>DefaultAddon.png</icon>
        <thumb />
        <action>ActivateWindow(Radiochannels)</action>
    </shortcut>
	<shortcut>
		<visible>Library.HasContent(Movies) + !System.HasAddon(plugin.video.themoviedb.helper)</visible>
        <label>342</label>
        <label2>32034</label2>
        <icon>DefaultAddon.png</icon>
        <thumb />
        <action>ActivateWindow(Videos,videodb://movies/titles/)</action>
    </shortcut>
	<shortcut>
		<visible>Library.HasContent(TVshows) + !System.HasAddon(plugin.video.themoviedb.helper)</visible>
        <label>20343</label>
        <label2>32034</label2>
        <icon>DefaultAddon.png</icon>
        <thumb />
        <action>ActivateWindow(Videos,videodb://tvshows/titles/)</action>
    </shortcut>
    <shortcut>
        <visible>!Library.HasContent(Video) + !System.HasAddon(plugin.video.themoviedb.helper)</visible>
        <label>3</label>
        <label2>32034</label2>
        <icon>DefaultAddon.png</icon>
        <thumb />
        <action>ActivateWindow(Videos,sources://video/)</action>
    </shortcut>
    <shortcut>
        <visible>Library.HasContent(Music)</visible>
        <label>2</label>
        <label2>32034</label2>
        <icon>DefaultAddon.png</icon>
        <thumb />
        <action>ActivateWindow(Music,musicdb://albums/)</action>
    </shortcut>
    <shortcut>
        <visible>!Library.HasContent(Music)</visible>
        <label>2</label>
        <label2>32034</label2>
        <icon>DefaultAddon.png</icon>
        <thumb />
        <action>ActivateWindow(Music,Files)</action>
    </shortcut>
	<shortcut>
        <visible>Library.HasContent(Music)</visible>
        <label>31229</label>
        <label2>32034</label2>
        <icon>DefaultAddon.png</icon>
        <thumb />
        <action>PlayerControl(Partymode(music))</action>
    </shortcut>
     <shortcut>
        <label>31088</label>
        <label2>32034</label2>
        <icon>DefaultAddon.png</icon>
        <thumb />
        <action>ActivateWindow(Videos,Addons,return)</action>
    </shortcut>
    <shortcut>
        <label>31090</label>
        <label2>32034</label2>
        <icon>DefaultAddon.png</icon>
        <thumb />
        <action>ActivateWindow(Music,Addons,return)</action>
    </shortcut>
    <shortcut>
        <label>31232</label>
        <label2>32034</label2>
        <icon>DefaultAddon.png</icon>
        <thumb />
        <action>ActivateWindow(games)</action>
    </shortcut>
	<shortcut>
        <label>12600</label>
        <label2>32034</label2>
        <icon>DefaultAddon.png</icon>
        <thumb />
        <action>ActivateWindow(Weather)</action>
    </shortcut>
    <shortcut>
        <label>10002</label>
        <label2>32034</label2>
        <icon>DefaultAddon.png</icon>
        <thumb />
        <action>ActivateWindow(Pictures)</action>
    </shortcut>
    
</shortcuts>
