<?xml version="1.0" encoding="UTF-8" standalone="yes"?>
<addon id="service.upnext" name="Up Next" version="1.1.9" provider-name="im85288">
    <requires>
        <import addon="xbmc.python" version="3.0.0"/>
    </requires>
    <!-- This is needed to get an addon icon -->
    <extension point="xbmc.python.script" library="resources/lib/script_entry.py">
      <provides>executable</provides>
    </extension>
    <extension point="xbmc.service" library="resources/lib/service_entry.py"/>
    <extension point="xbmc.addon.metadata">
        <summary lang="en_GB">Propose to play the next episode automatically</summary>
        <description lang="en_GB">A service add-on that shows a Netflix-style notification for watching the next episode. After a few automatic iterations it asks the user if he is still there watching.

A lot of existing add-ons already integrate with this service out-of-the-box.</description>
        <summary lang="de_DE">Bietet Ihnen an, die nächste Episode automatisch wiederzugeben</summary>
        <description lang="de_DE">Ein kleines Hilfs-Add-on, welches eine Netflix-artige Benachrichtigung zur Wiedergabe der nächsten Episode anzeigt. Nach ein paar automatischen Iterationen fragt es den Anwender, ob er sie immer noch anschaut.

Viele existierende Add-ons haben diesen Dienst bereits von Haus aus integriert.</description>
        <summary lang="it_IT">Propone di riprodurre automaticamente il prossimo episodio</summary>
        <description lang="it_IT">Un add-on di servizio che mostra una notifica in stile Netflix per guardare il prossimo episodio. Dopo alcune iterazioni automatiche, chiede all'utente se è ancora lì a guardare.

Molti add-on esistenti hanno già integrato questo servizio.</description>
        <summary lang="el_GR">Προτάση για αναπαραγωγή του επόμενου επεισοδίου αυτόματα</summary>
        <description lang="el_GR">Ένα υπηρεσιακό πρόσθετο που δείχνει σε στύλ ειδοποίησης τύπου Νέτφλιξ για την αναπαραγωγή του επόμενου επεισοδίου. Μετά από μερικές αυτόματες εκτελέσεις, ρωτάει τον χρήστη εάν παρακολουθεί ακόμα.

Πολλά από τα υπάρχοντα πρόσθετα ενσωματώνουν την λειτουργία αυτού του υπηρεσιακού προσθέτου εξ'ορισμού.</description>
        <summary lang="sv_SE">Låter dig spela upp nästa avsnitt automatiskt</summary>
        <description lang="sv_SE">Ett tillägg som visar en Netflix-liknande avisering för att se nästa avsnitt. Efter att några avsnitt automatiskt spelats upp frågar den användaren om han fortfarande är där och vill titta vidare.

Många befintliga tillägg integreras redan med den här utanför lådan-tjänsten.</description>
         <summary lang="ru_RU">Предлагает автоматически проиграть следующую серию</summary>
        <description lang="ru_RU">Сервисное дополнение, которое показывает уведомление в стиле Netflix для просмотра следующей серии. После нескольких автоматических итераций спрашивает пользователя, он еще смотрит или нет.

Многие существующие дополнения уже интегрированы с этим сервисом "из коробки".</description>
        <summary lang="es_ES">Sugiere reproducir el próximo episodio automáticamente</summary>
        <description lang="es_ES">Un complemento de servicio que muestra una notificación al estilo Netflix para ver el próximo episodio. Después de algunas iteraciones automáticas, le pregunta al usuario si todavía está allí mirando.

            Muchos complementos existentes ya se integran con este servicio listo para usar.</description>
        <platform>all</platform>
        <license>GPL-2.0-only</license>
        <news>
v1.1.8 (2022-09-13)
- Never ask if Still Watching? if playedInARow is 0
- Still Watching? checks number of plays not number+1

v1.1.7 (2022-09-03)
- Update check for filename of multi-part episodes
- Check for physical disc or disc image being played
- Translation update to Russian
- Fix CI workflow

v1.1.6 (2022-03-07)
- Fix for missing mediatype video info with addon video content
- Translation updates to Croatian, Japanese, Korean, Swedish and Finnish
- New translation for Taiwanese Mandarin
- Use onAVStarted instead of onPlayBackStarted
- Fix for Kodi not using the video player/playlist to play videos
- Fixes misalignment of system.time and endtime

v1.1.5 (2021-02-21)
- Fix playlists to work with non-library content
- Fix to prevent unwanted playback when using playlist queueing method
- New translation for Finnish

v1.1.4 (2020-12-03)
- Fix problem causing pop-up to not appear
- Translation updates to Romanian, Russian and Spanish

v1.1.3 (2020-10-14)
- Enable customPlayTime by default
- Do not seek to the end before playing next episode
- Add Kodi v17 compatibility
- Fix logging on Kodi v19 (Matrix) after recent breakage
- Enqueue the next episode in the playlist
- Translation updates to German
        </news>
        <assets>
            <icon>resources/media/icon.png</icon>
            <fanart>resources/media/fanart.jpg</fanart>
            <screenshot>resources/media/screenshot01.jpg</screenshot>
            <screenshot>resources/media/screenshot02.jpg</screenshot>
            <screenshot>resources/media/upnext-settings.jpg</screenshot>
            <screenshot>resources/media/upnext-developer.jpg</screenshot>
        </assets>
    </extension>
</addon>
