<?xml version="1.0" encoding="UTF-8"?>
<window>
    <defaultcontrol always="true">9999</defaultcontrol>
    <onload condition="Skin.hassetting(stopVideoOnMenu) + !Player.HasAudio">PlayerControl(stop)</onload>
    <include>fadeInOut</include>
	<views>50</views>
    <controls>
        <!--page container group-->
        <control type="group">
            <include>globalBackground</include>
            <control type="group">
                <posx>col-1-begin</posx>
                <posy>row-2-begin</posy>
                <control type="label" id="1">
                    <posx>0</posx>
                    <posy>0</posy>
                    <width>8-col</width>
                    <font>pageTitle</font>
                    <textcolor>textActive</textcolor>
                    <label>$LOCALIZE[1036]</label>
                </control>
                <control type="label">
                    <visible>!Integer.IsGreater(Container(50).NumItems,0)</visible>
                    <posx>0</posx>
                    <posy>45</posy>
                    <width>8-col</width>
                    <label>31096</label>
                    <font>menuTitle2</font>
                    <textcolor>textActive</textcolor>
                </control>
                <control type="label">
                    <visible>Integer.IsGreater(Container(50).NumItems,0)</visible>
                    <posx>0</posx>
                    <posy>45</posy>
                    <width>8-col</width>
                    <label>$INFO[Container.NumItems] $LOCALIZE[31014]</label>
                    <font>menuTitle2</font>
                    <textcolor>textActive</textcolor>
                </control>
            </control>
			<!--Battery Level-->
        	<include>Battery</include>
			<!--Backbutton touchscreen-->
       		<include>Backbutton</include>
            <!--shift page for certain modal dialogs-->
            <include>modalDialogContentShift</include>
            <!--Main content listing-->
            <control type="group" id="9999">
                <!--source content-->
                <control type="group">
                    <include>contentOpen</include>
					<control type="panel" id="50">
			            <visible>true</visible>
			            <posx>col-1-begin</posx>
			            <posy>row-5-begin</posy>
			            <width>24-col</width>
			            <height>23-row</height>
			            <onleft>9000</onleft>
			            <onright>60</onright>
			            <ondown>50</ondown>
			            <onup>50</onup>
			            <pagecontrol>60</pagecontrol>
			            <itemlayout width="24-col" height="2-row" condition='!Skin.HasSetting(touch)'>
                            <control type="image">
                                <posx>0</posx>
                                <posy>3</posy>
                                <width>66</width>
                                <height>66</height>
                                <aspectratio scalediffuse="false">stretch</aspectratio>
                                <texture fallback="kodilogo.png" diffuse="masks/circle.png" border="0">$INFO[Listitem.thumb]</texture>
					            <colordiffuse>overlay</colordiffuse>
                            </control>
                            <control type="image">
                                <posx>1-col</posx>
                                <posy>0</posy>
                                <width>23-col</width>
                                <height>69</height>
                                <aspectratio>stretch</aspectratio>
                                <texture border="0">colors/black.png</texture>
                                <colordiffuse>overlay</colordiffuse>
                            </control>
                            <control type="label">
                                <posx>1-col-indent</posx>
                                <posy>0</posy>
                                <width>22-col-gutter</width>
                                <height>2-row</height>
                                <aligny>center</aligny>
                                <font>itemTitle</font>
                                <textcolor>textActive</textcolor>
                                <shadowcolor></shadowcolor>
                                <label>$INFO[ListItem.Label]</label>
                            </control>
			            </itemlayout>
                        <itemlayout width="20-col" height="3-row" condition='Skin.HasSetting(touch)'>
                            <control type="image">
                                <posx>0</posx>
                                <posy>3</posy>
                                <width>100</width>
                                <height>100</height>
                                <aspectratio scalediffuse="false">stretch</aspectratio>
                                <texture fallback="kodilogo.png" diffuse="masks/circle.png" border="0">$INFO[Listitem.thumb]</texture>
					            <colordiffuse>overlay</colordiffuse>
                            </control>
                            <control type="image">
                                <posx>110</posx>
                                <posy>0</posy>
                                <width>18-col</width>
                                <height>100</height>
                                <aspectratio>stretch</aspectratio>
                                <texture border="0">colors/black.png</texture>
                                <colordiffuse>overlay</colordiffuse>
                            </control>
                            <control type="label">
                                <posx>110</posx>
                                <posy>0</posy>
                                <width>18-col</width>
                                <height>100</height>
                                <aligny>center</aligny>
                                <font>itemTitle</font>
                                <textcolor>textActive</textcolor>
                                <shadowcolor></shadowcolor>
                                <label>$INFO[ListItem.Label]</label>
                            </control>
			            </itemlayout>
                        <focusedlayout width="24-col" height="2-row" condition='!Skin.HasSetting(touch)'>
			                <control type="image">
			                    <posx>0</posx>
			                    <posy>3</posy>
			                    <width>66</width>
			                    <height>66</height>
			                    <aspectratio scalediffuse="false">stretch</aspectratio>
			                    <texture fallback="kodilogo.png" diffuse="masks/circle.png" border="0">$INFO[Listitem.thumb]</texture>
			                    <animation type="focus" loop="false" reversible="false">
			                        <effect type="fade" time="500"/>
			                        <effect type="rotatey" end="360" center="33" tween="back" easing="out" time="1000"/>
			                    </animation>
                                <colordiffuse>$VAR[highlight]</colordiffuse>
			                </control>
                            <control type="image">
								<animation type="focus">
						            <effect type="rotatey" end="360" center="36" tween="back" easing="out" time="1000"/>
						        </animation>
                                <posx>0</posx>
                                <posy>0</posy>
                                <width>1-col</width>
                                <height>1-col</height>
	                            <texture diffuse="masks/circle.png" border="0">$INFO[Listitem.thumb]</texture>
                            </control>
			                <control type="image">
			                    <posx>1-col</posx>
			                    <posy>0</posy>
			                    <width>23-col</width>
			                    <height>2-row</height>
			                    <aspectratio>stretch</aspectratio>
			                    <texture border="0" colordiffuse="$VAR[selected_box]">Colors/white.png</texture>
			                </control>
			                <control type="label">
			                    <posx>1-col-indent</posx>
			                    <posy>0</posy>
			                    <width>11-col-gutter</width>
			                    <height>2-row</height>
			                    <aligny>center</aligny>
			                    <font>itemTitle</font>
			                    <textcolor>black</textcolor>
			                    <shadowcolor></shadowcolor>
			                    <label>$INFO[ListItem.Label]</label>
			                </control>
			            </focusedlayout>
                        <focusedlayout width="20-col" height="3-row" condition='Skin.HasSetting(touch)'>
			                <control type="image">
			                    <posx>0</posx>
			                    <posy>3</posy>
			                    <width>100</width>
			                    <height>100</height>
			                    <aspectratio scalediffuse="false">stretch</aspectratio>
			                    <texture fallback="kodilogo.png" diffuse="masks/circle.png" border="0">$INFO[Listitem.thumb]</texture>
			                    <animation type="focus" loop="false" reversible="false">
			                        <effect type="fade" time="500"/>
			                        <effect type="rotatey" end="360" center="33" tween="back" easing="out" time="1000"/>
			                    </animation>
                                <colordiffuse>$VAR[highlight]</colordiffuse>
			                </control>
                            <control type="image">
								<animation type="focus">
						            <effect type="rotatey" end="360" center="36" tween="back" easing="out" time="1000"/>
						        </animation>
                                <posx>0</posx>
                                <posy>0</posy>
                                <width>100</width>
                                <height>100</height>
	                            <texture diffuse="masks/circle.png" border="0">$INFO[Listitem.thumb]</texture>
                            </control>
			                <control type="image">
			                    <posx>110</posx>
			                    <posy>0</posy>
			                    <width>18-col</width>
			                    <height>100</height>
			                    <aspectratio>stretch</aspectratio>
			                    <texture border="0" colordiffuse="$VAR[selected_box]">Colors/white.png</texture>
			                </control>
			                <control type="label">
			                    <posx>110</posx>
			                    <posy>0</posy>
			                    <width>18-col</width>
			                    <height>100</height>
			                    <aligny>center</aligny>
			                    <font>itemTitle</font>
			                    <textcolor>black</textcolor>
			                    <shadowcolor></shadowcolor>
			                    <label>$INFO[ListItem.Label]</label>
			                </control>
			            </focusedlayout>
			        </control>
                </control>
            </control>
            <!--page scrollbar-->
            <control type="group" id="8000">
                <visible>Control.IsVisible(60)</visible>
                <animation effect="fade" start="100" end="0" time="100" condition="!controlgroup(8000).hasfocus">conditional</animation>
                <control type="scrollbar" id="60">
                    <posx>54r</posx>
                    <posy>row-6-begin</posy>
                    <height>20-row</height>
                    <onleft>9999</onleft>
                   
					<onright>9000</onright>
                </control>
            </control>
			<!--page header-->
            <control type="group">
				<include>pageHeader</include>    
            </control>
        </control>
        <!--mini window-->
        <include>miniVideoPlayer</include>
        <!--hub menu-->
        <include>hubMenu</include>
        <!--debugging-->
        <include>DebugGrid</include>
        <control type="label">
            <include>DialogID</include>
            <label>MyFavourites.xml</label>
        </control>
    </controls>
</window>
