<?xml version="1.0" encoding="UTF-8"?>
<window type="dialog" id="1104">
    <visible>player.hasvideo + !Window.isActive(home) + !VideoPlayer.IsFullscreen</visible>
    <controls>
        <control type="group">
            <posx>0</posx>
            <posy>0</posy>
            <animation type="windowopen">
                <effect type="slide" start="0,-50" end="0,0" tween="cubic" easing="out" delay="500" time="300"/>
                <effect type="fade" start="0" end="100" time="500" delay="500"/>
            </animation>
            <control type="image">
				<animation type="conditional" condition="true">
					<effect type="fade" start="100" end="33" time="0"/>
				</animation>
                <posx>0</posx>
                <posy>0</posy>
                <width>1-col-textbox</width>
                <height>54</height>
                <texture>colors/white.png</texture>
                <colordiffuse>$VAR[highlight]</colordiffuse>
            </control>
			<control type="image">
                <visible>player.hasvideo + Skin.HasSetting(show_battery)</visible>
                <posx>1-col</posx>
                <posy>0</posy>
                <width>1195</width>
                <height>54</height>
                <texture>colors/white.png</texture>
                <colordiffuse>$VAR[highlight_Shadow]</colordiffuse>
            </control>
            <control type="image">
                <visible>player.hasvideo + !Skin.HasSetting(show_battery)</visible>
                <posx>1-col</posx>
                <posy>0</posy>
                <width>1393</width>
                <height>54</height>
                <texture>colors/white.png</texture>
                <colordiffuse>$VAR[highlight_Shadow]</colordiffuse>
            </control>
            <control type="label">
						<visible>!player.paused + !Skin.HasSetting(lowPowerMode)</visible>
						<posx>0</posx>
						<posy>0</posy>
						<width>2-row</width>
						<height>50</height>
						<align>center</align>
						<aligny>center</aligny>
						<font>symbolLarge</font>
						<textcolor>$VAR[Home]</textcolor>
						<shadowcolor></shadowcolor>
						<label></label>
			</control>
            <control type="label">
                <visible>!player.paused + Skin.HasSetting(lowPowerMode)</visible>
                <posx>3</posx>
                <posy>-9</posy>
                <width>1-col-textbox</width>
                <height>2-row</height>
                <align>center</align>
                <aligny>center</aligny>
                <font>symbol</font>
                <textcolor>$VAR[Home]</textcolor>
                <shadowcolor></shadowcolor>
                <label></label>
            </control>
            <control type="label">
                <visible>player.paused</visible>
                <posx>3</posx>
                <posy>-9</posy>
                <width>1-col-textbox</width>
                <height>2-row</height>
                <align>center</align>
                <aligny>center</aligny>
                <font>symbol</font>
                <textcolor>$VAR[Home]</textcolor>
                <shadowcolor></shadowcolor>
                <label></label>
                <animation type="conditional" condition="true" loop="true">
                    <effect type="fade" start="0" end="100" time="1000"/>
                    <effect type="fade" start="100" end="0" time="1000" delay="1000"/>
                </animation>
            </control>
            <control type="label">
                <visible>!Pvr.IsPlayingTv + !String.IsEmpty(Videoplayer.TVShowTitle)</visible>
	            <posx>1-col-indent</posx>
                <posy>0</posy>
                <font>itemSubTitle</font>
                <width>stretch</width>
                <height>54</height>
                <align>left</align>
                <aligny>center</aligny>
                <height>1-row</height>
                <scroll>true</scroll>
	            <textcolor>$VAR[Home]</textcolor>
	            <label>$INFO[VideoPlayer.TVShowTitle] : $INFO[Player.title]</label>
	        </control>
            <control type="label">
                <visible>!Pvr.IsPlayingTv + String.IsEmpty(Videoplayer.TVShowTitle)</visible>
	            <posx>1-col-indent</posx>
                <posy>0</posy>
                <font>itemSubTitle</font>
                <width>stretch</width>
                <height>54</height>
                <align>left</align>
                <aligny>center</aligny>
                <height>1-row</height>
                <scroll>true</scroll>
	            <textcolor>$VAR[Home]</textcolor>
	            <label>$INFO[videoplayer.Title]</label>
	        </control>
            <control type="label">
                <visible>Pvr.IsPlayingTv</visible>
	            <posx>1-col-indent</posx>
                <posy>0</posy>
                <font>itemSubTitle</font>
                <width>stretch</width>
                <height>54</height>
                <align>left</align>
                <aligny>center</aligny>
                <height>1-row</height>
                <scroll>true</scroll>
	            <textcolor>$VAR[Home]</textcolor>
	            <label>[CAPITALIZE][LOWERCASE]$INFO[videoplayer.Title][/LOWERCASE][/CAPITALIZE] : $INFO[Player.title]</label>
	        </control>

        </control>
        <!--debugging-->
        <include>DebugGrid</include>
        <control type="label">
            <visible>false</visible>
            <include>DialogID</include>
            <label>custom_videoOverlay.xml</label>
        </control>
    </controls>
</window>
