<?xml version="1.0" encoding="UTF-8"?>
<!--Skin variables-->
<includes>
    <!--folder titles-->
    <variable name="listTitle">
        <value condition="Window.isactive(Videos) + Container.Content(musicvideos)">$LOCALIZE[20389] [LOWERCASE][COLOR $VAR[highlight]]$LOCALIZE[31054] $INFO[container.sortmethod] $INFO[Container.SortOrder,(,)][/COLOR][/LOWERCASE]</value>
        <value condition="Window.isactive(Videos) + [Container.Content(movies) | container.content(tvshows)] + String.Contains(Container.folderpath,special://profile/playlists/video)">[CAPITALIZE]$INFO[container.foldername][/CAPITALIZE] [LOWERCASE][COLOR $VAR[highlight]]$LOCALIZE[31054] $INFO[container.sortmethod] $INFO[Container.SortOrder,(,)][/COLOR][/LOWERCASE]</value>
        <value condition="Window.isactive(Videos) + String.Contains(Container.folderpath,plugin)">$INFO[container.foldername] $INFO[ListItem.TVShowTitle,- ,] $INFO[ListItem.season,$LOCALIZE[20373] ,]</value>
        <value condition="Window.isactive(Videos) + Container.Content(movies)">$LOCALIZE[20342] [LOWERCASE][COLOR $VAR[highlight]]$LOCALIZE[31054] $INFO[container.sortmethod] $INFO[Container.SortOrder,(,)][/COLOR][/LOWERCASE]</value>
        <value condition="Window.isactive(Videos) + Container.Content(tvshows)">$LOCALIZE[31216] [LOWERCASE][COLOR $VAR[highlight]]$LOCALIZE[31054] $INFO[container.sortmethod] $INFO[Container.SortOrder,(,)][/COLOR][/LOWERCASE]</value>
        <value condition="Window.isactive(Videos) + [Container.Content(seasons) | Container.Content(episodes)]">$LOCALIZE[20343]</value>
        <value condition="Window.isactive(Videos) + !String.IsEmpty(container.foldername)">$INFO[container.foldername]</value>
        <value condition="Window.isactive(Videos) + String.IsEmpty(container.foldername)">$LOCALIZE[31012]</value>
        <value condition="Window.isactive(Music) + String.Contains(Container.folderpath,special://profile/playlists)">[CAPITALIZE]$INFO[container.foldername][/CAPITALIZE]</value>
        <value condition="Window.isactive(Music) + Container.Content(albums) + String.Contains(Container.folderpath,special://profile/playlists/music)">[CAPITALIZE]$INFO[container.foldername][/CAPITALIZE] [LOWERCASE][COLOR $VAR[highlight]]$LOCALIZE[31054] $INFO[container.sortmethod] $INFO[Container.SortOrder,(,)][/COLOR][/LOWERCASE]</value>
		<value condition="Window.isactive(Music) + String.contains(container.folderpath,spotify)">$INFO[container.foldername] [CAPITALIZE][COLOR $VAR[highlight]]$INFO[container.content][/COLOR][/CAPITALIZE]</value>
		<value condition="Window.isactive(Music) + String.Contains(container.folderpath,addons://)">$LOCALIZE[1038]</value>
        <value condition="Window.isactive(Music) + String.Contains(container.folderpath,plugin://)">$INFO[container.foldername]</value>
        <value condition="Window.isactive(Music) + Container.Content(albums)">$LOCALIZE[132] [LOWERCASE][COLOR $VAR[highlight]]$LOCALIZE[31054] $INFO[container.sortmethod] $INFO[Container.SortOrder,(,)][/COLOR][/LOWERCASE]</value>
        <value condition="Window.isactive(Music) + Container.Content(artists)">$LOCALIZE[133] [LOWERCASE][COLOR $VAR[highlight]]$LOCALIZE[31054] $INFO[container.sortmethod] $INFO[Container.SortOrder,(,)][/COLOR][/LOWERCASE]</value>
        <value condition="Window.isactive(Music) + Container.Content(songs)">$LOCALIZE[182]</value>
        <value condition="Window.isactive(Music) + !container.content(genres) + String.Contains(container.folderpath,musicdb://genres)">$LOCALIZE[31199] [COLOR $VAR[highlight]]$INFO[container.foldername][/COLOR]</value>
        <value condition="Window.isactive(Music) + !String.IsEmpty(container.foldername)">$INFO[container.foldername]</value>
        <value condition="Window.isactive(Music) + String.IsEmpty(container.foldername)">$LOCALIZE[14237]</value>
    	<value condition="Window.isactive(Weather)">$LOCALIZE[8]</value>
		<value condition="Window.isactive(TVchannels) | Window.isactive(TVGuide)">$LOCALIZE[19020] [COLOR $VAR[highlight]]$LOCALIZE[31078][/COLOR]</value>
		<value condition="Window.isactive(RadioChannels)">$LOCALIZE[19021] [COLOR $VAR[highlight]]$LOCALIZE[31078][/COLOR]</value>
		<value condition="Window.isactive(TVRecordings)">$LOCALIZE[19020] [COLOR $VAR[highlight]]$LOCALIZE[31165][/COLOR]</value>
		<value condition="Window.isactive(MyPVRTimers.xml)">$LOCALIZE[31060] [COLOR $VAR[highlight]]$LOCALIZE[31087][/COLOR]</value>
		<value condition="Window.isactive(programs)">$LOCALIZE[10506]</value>
		<value condition="Window.isactive(musicplaylist) | Window.isactive(videoplaylist)">$LOCALIZE[31123]</value>
		<value condition="Window.isactive(pictures)">$LOCALIZE[31056]</value>
		<value condition="Window.isactive(games)">$LOCALIZE[31232] [LOWERCASE][COLOR $VAR[highlight]]$INFO[container.foldername][/COLOR][/LOWERCASE]</value>
	</variable>
    <variable name="listSubTitle">
        <value condition="Window.isactive(Videos)">$INFO[Container.NumAllItems,, $LOCALIZE[31014]] $VAR[unwatchedOnly]</value>
        <value condition="Window.isactive(Music)">$INFO[container.NumAllItems,, $LOCALIZE[31014]]</value>
		<value condition="Window.isactive(MyPVRTimers.xml)">$INFO[container.NumAllItems,, $LOCALIZE[31145]]</value>
		<value condition="Window.isactive(Weather)">$LOCALIZE[31212] $INFO[Window.Property(WeatherProvider)]</value>
		<value condition="Window.isactive(TVchannels) | Window.isactive(RadioChannels) | Window.isactive(TVGuide)">$INFO[Pvr.BackendChannels] $LOCALIZE[19019] ($INFO[control.getlabel(29)])</value>
		<value condition="Window.isactive(TVRecordings)">$INFO[container.NumAllItems] $LOCALIZE[31165] ($INFO[Pvr.BackendDiskSpace])</value>
		<value condition="Window.isactive(programs)">$INFO[container.NumAllItems,, $LOCALIZE[31145]]</value>
		<value condition="Window.isactive(games)">$INFO[container.NumAllItems,, $LOCALIZE[31145]]</value>
		<value condition="Window.isactive(musicplaylist) | Window.isactive(videoplaylist)">$INFO[container.NumAllItems,, $LOCALIZE[31014]]</value>
		<value condition="Window.isactive(pictures) + Integer.IsGreater(container.Numitems,0)">$INFO[container.NumAllItems,, $LOCALIZE[31014]]</value>
	</variable>
    <!--list view item detail / subheader-->
    <variable name="itemDetail">
        <value condition="Container.Content(movies)">$INFO[Listitem.duration]</value>
        <value condition="Container.Content(tvshows) + !String.IsEmpty(listitem.property(totalseasons))">[B]$INFO[ListItem.Property(TotalSeasons)][/B] $LOCALIZE[31188] • [B]$INFO[ListItem.Property(NumEpisodes)][/B] $LOCALIZE[31189]</value>
        <value condition="Container.Content(seasons)">$INFO[ListItem.Property(TotalEpisodes)] $LOCALIZE[31189]</value>
        <value condition="Container.Content(artists)">$INFO[ListItem.Property(Artist_Genre)]</value>
        <value/>
    </variable>
    <!--Music player shuffle state-->
    <variable name="shuffleState">
        <value condition="Playlist.IsRandom">$LOCALIZE[16041]</value>
        <value condition="!Playlist.IsRandom">$LOCALIZE[16039]</value>
    </variable>
    <!--offset song view, show artist / album if parent view is active-->
    <variable name="songViewArtist">
        <value condition="ListItem.IsParentFolder">$INFO[ListItem(1).Artist] $INFO[ListItem(1).Year,(,)]</value>
        <value>$INFO[ListItem.Artist] $INFO[ListItem.Year,(,)]</value>
    </variable>
    <variable name="songViewAlbum">
        <value condition="ListItem.IsParentFolder">$INFO[ListItem(1).Album]</value>
        <value>$INFO[ListItem.Album]</value>
    </variable>
    <variable name="songViewThumb">
        <value condition="ListItem.IsParentFolder">$INFO[ListItem(1).art(thumb)]</value>
        <value>$INFO[ListItem.art(thumb)]</value>
    </variable>
    <!--Music player repeat state-->
    <variable name="repeatState">
        <value condition="Playlist.IsRepeat">$LOCALIZE[597]</value>
        <value condition="Playlist.IsRepeatOne">$LOCALIZE[596]</value>
        <value condition="!Playlist.IsRepeat + !Playlist.IsRepeatOne">$LOCALIZE[595]</value>
    </variable>
    <!--unwatched only filter active-->
    <variable name="unwatchedOnly">
        <value condition="System.Setting(hidewatched)">• $LOCALIZE[31213]</value>
    </variable>
    <!--Star rating for music tracks-->
    <variable name="starRating">
        <value condition="String.IsEqual(MusicPlayer.UserRating,1) | Integer.IsEqual(ListItem.RatingandVotes,1)"></value>
        <value condition="String.IsEqual(MusicPlayer.UserRating,2) | Integer.IsEqual(ListItem.RatingandVotes,2)"></value>
        <value condition="String.IsEqual(MusicPlayer.UserRating,3) | Integer.IsEqual(ListItem.RatingandVotes,3)"></value>
        <value condition="String.IsEqual(MusicPlayer.UserRating,4) | Integer.IsEqual(ListItem.RatingandVotes,4)"></value>
        <value condition="String.IsEqual(MusicPlayer.UserRating,5) | Integer.IsEqual(ListItem.RatingandVotes,5)"></value>
        <value condition="String.IsEqual(MusicPlayer.UserRating,6) | Integer.IsEqual(ListItem.RatingandVotes,6)"></value>
        <value condition="String.IsEqual(MusicPlayer.UserRating,7) | Integer.IsEqual(ListItem.RatingandVotes,7)"></value>
        <value condition="String.IsEqual(MusicPlayer.UserRating,8) | Integer.IsEqual(ListItem.RatingandVotes,8)"></value>
        <value condition="String.IsEqual(MusicPlayer.UserRating,9) | Integer.IsEqual(ListItem.RatingandVotes,9)"></value>
        <value condition="String.IsEqual(MusicPlayer.UserRating,10) | Integer.IsEqual(ListItem.RatingandVotes,10)"></value>
        <value></value>
    </variable>
    <!--home background location-->
    <variable name="homeBackgroundLocation">
        <value condition="!String.IsEmpty(Skin.String(homeBackground))">$INFO[Skin.String(homeBackground)]</value>
        <value condition="!String.IsEmpty(Skin.String(all))">$INFO[Skin.String(all)]</value>
        <value>special://skin/extras/homeBackgrounds</value>
    </variable>
     <!--settings background location-->
    <variable name="settingsBackgroundLocation">
        <value condition="!String.IsEmpty(Skin.String(settingsBackground))">$INFO[Skin.String(settingsBackground)]</value>
        <value condition="!String.IsEmpty(Skin.String(all))">$INFO[Skin.String(all)]</value>
        <value>special://skin/extras/homeBackgrounds</value>
    </variable>
    <!--SettingsCategory background location-->
    <variable name="SettingsCategoryBackgroundLocation">
        <value condition="!String.IsEmpty(Skin.String(SettingsCategoryBackground))">$INFO[Skin.String(SettingsCategoryBackground)]</value>
        <value condition="!String.IsEmpty(Skin.String(all))">$INFO[Skin.String(all)]</value>
        <value>special://skin/extras/homeBackgrounds</value>
    </variable>
    <!--DialogAddonSettings background location-->
    <variable name="DialogAddonSettingsBackgroundLocation">
        <value condition="!String.IsEmpty(Skin.String(DialogAddonSettingsBackground))">$INFO[Skin.String(DialogAddonSettingsBackground)]</value>
        <value condition="!String.IsEmpty(Skin.String(all))">$INFO[Skin.String(all)]</value>
        <value>special://skin/extras/homeBackgrounds</value>
    </variable>
    <!--FileBrowser background location-->
    <variable name="FileBrowserBackgroundLocation">
        <value condition="!String.IsEmpty(Skin.String(FileBrowserBackground))">$INFO[Skin.String(FileBrowserBackground)]</value>
        <value condition="!String.IsEmpty(Skin.String(all))">$INFO[Skin.String(all)]</value>
        <value>special://skin/extras/homeBackgrounds</value>
    </variable>
        <!--FileManager background location-->
    <variable name="FileManagerBackgroundLocation">
        <value condition="!String.IsEmpty(Skin.String(FileManagerBackground))">$INFO[Skin.String(FileManagerBackground)]</value>
        <value condition="!String.IsEmpty(Skin.String(all))">$INFO[Skin.String(all)]</value>
        <value>special://skin/extras/homeBackgrounds</value>
    </variable>
     <!--SkinSettings background location-->
    <variable name="SkinSettingsBackgroundLocation">
        <value condition="!String.IsEmpty(Skin.String(SkinSettingsBackground))">$INFO[Skin.String(SkinSettingsBackground)]</value>
        <value condition="!String.IsEmpty(Skin.String(all))">$INFO[Skin.String(all)]</value>
        <value>special://skin/extras/homeBackgrounds</value>
    </variable>
    <!--Settingssysteminfo background location-->
    <variable name="SettingsSystemInfoBackgroundLocation">
        <value condition="!String.IsEmpty(Skin.String(SettingsSystemInfoBackground))">$INFO[Skin.String(SettingsSystemInfoBackground)]</value>
        <value condition="!String.IsEmpty(Skin.String(all))">$INFO[Skin.String(all)]</value>
        <value>special://skin/extras/homeBackgrounds</value>
    </variable>
    <!--DialogAddonInfo background location-->
    <variable name="DialogAddonInfoBackgroundLocation">
        <value condition="!String.IsEmpty(Skin.String(DialogAddonInfoBackground))">$INFO[Skin.String(DialogAddonInfoBackground)]</value>
        <value condition="!String.IsEmpty(Skin.String(all))">$INFO[Skin.String(all)]</value>
        <value>special://skin/extras/homeBackgrounds</value>
    </variable>
    <!--AddonBrowser background location-->
    <variable name="AddonBrowserBackgroundLocation">
        <value condition="!String.IsEmpty(Skin.String(AddonBrowserBackground))">$INFO[Skin.String(AddonBrowserBackground)]</value>
        <value condition="!String.IsEmpty(Skin.String(all))">$INFO[Skin.String(all)]</value>
        <value>special://skin/extras/homeBackgrounds</value>
    </variable>
    <!--MyPrograms background location-->
    <variable name="MyProgramsBackgroundLocation">
        <value condition="!String.IsEmpty(Skin.String(MyProgramsBackground))">$INFO[Skin.String(MyProgramsBackground)]</value>
        <value condition="!String.IsEmpty(Skin.String(all))">$INFO[Skin.String(all)]</value>
        <value>special://skin/extras/homeBackgrounds</value>
    </variable>
    <!--Music background location-->
    <variable name="musicBackgroundLocation">
        <value condition="!String.IsEmpty(Skin.String(musicsBackground))">$INFO[Skin.String(musicBackground)]</value>
        <value condition="!String.IsEmpty(Skin.String(all))">$INFO[Skin.String(all)]</value>
        <value>special://skin/extras/homeBackgrounds</value>
    </variable>
    <!--Music fullscreenbackground location-->
    <variable name="musicfullscreenBackgroundLocation">
        <value condition="!String.IsEmpty(Skin.String(musicfullscreenBackground))">$INFO[Skin.String(musicfullscreenBackground)]</value>
        <value condition="!String.IsEmpty(Skin.String(all))">$INFO[Skin.String(all)]</value>
        <value>special://skin/extras/musicfullbackgrounds</value>
    </variable>
    
    <!--menu logos-->
    <variable name="menuLogo">
        <value condition="Window.IsActive(games)"></value>
		<value condition="Window.IsActive(pictures)"></value>
        <value condition="window.isactive(music) | window.isactive(radiochannels) | window.isactive(radioguide) | window.isactive(radiorecordings) | window.isactive(radiotimers) | window.isactive(musicplaylist)"></value>
        <value condition="window.isactive(videos) | window.isactive(tvchannels) | window.isactive(tvrecordings) | window.isactive(tvguide) | window.isactive(tvtimers) | window.isactive(videoplaylist)"></value>
    </variable>
    <!--extra fanart sourcing-->
    <variable name="extraFanartLocation">
        <value condition="container.content(movies)">$INFO[listitem.path,,extrafanart]</value>
        <value condition="container.content(tvshows)">$INFO[listitem.filenameandpath,,extrafanart]</value>
        <value condition="container.content(seasons)">$INFO[container.listitem.path,,extrafanart]</value>
    </variable>
    <variable name="PlayerControlsRepeatImageVar">
		<value condition="Playlist.IsRepeatOne">osd/fullscreen/buttons/repeat-one.png</value>
		<value condition="Playlist.IsRepeat">osd/fullscreen/buttons/repeat-all.png</value>
		<value>osd/fullscreen/buttons/repeat-off.png</value>
	</variable>
    <variable name="OSDHelpTextVar">
		<value condition="Control.HasFocus(8003)">$LOCALIZE[486]$INFO[Playlist.Repeat, : ]</value>
		<value condition="Control.HasFocus(8004) + Playlist.IsRandom">$LOCALIZE[590]: $LOCALIZE[16041]</value>
		<value condition="Control.HasFocus(8004)">$LOCALIZE[590]: $LOCALIZE[16039]</value>
	</variable>
    <variable name="SkinSettingOSDAutoCloseTime">
		<value condition="!String.IsEmpty(Skin.String(OSDAutoCloseTime))">$INFO[Skin.String(OSDAutoCloseTime)]</value>
		<value condition="String.IsEmpty(Skin.String(OSDAutoCloseTime))">4</value> <!-- Default value -->
	</variable>
    <variable name="ThemeLabelColor">
		<value >$INFO[Skin.String(ThemeLabelColor)]</value>
		<value>FF6DB9E5</value>
	</variable>
    <variable name="highlight">
		<value condition="Skin.HasSetting(Bluewood)">ff34495e</value>
        <value condition="Skin.HasSetting(Darkblue)">ff00008B</value>
        <value condition="Skin.HasSetting(Default)">ffad1e4e</value>
        <value condition="Skin.HasSetting(Dribble)">ffe4405f</value>
        <value condition="Skin.HasSetting(Gold)">ffFFD700</value>
        <value condition="Skin.HasSetting(Green)">ff006400</value>
        <value condition="Skin.HasSetting(Interest)">ffbd081c</value>
        <value condition="Skin.HasSetting(lightblue)">ff87cefa</value>
        <value condition="Skin.HasSetting(Medium)">ff02b875</value>
        <value condition="Skin.HasSetting(Orange)">aace5621</value>
        <value condition="Skin.HasSetting(PellucidV1)">ffee3343</value>
        <value condition="Skin.HasSetting(Razzmatazz)">ffdb0a5b</value>
        <value condition="Skin.HasSetting(Tumble)">ff34465d</value>
        <value condition="Skin.HasSetting(Turquoise)">ff00868B</value>
        <value condition="Skin.HasSetting(Vine)">ff00b489</value>
        <value condition="Skin.HasSetting(VK)">ff4c75a3</value>
        <value condition="!Skin.HasSetting(VK) + !Skin.HasSetting(Vine) + !Skin.HasSetting(Turquoise) + !Skin.HasSetting(Tumble) + !Skin.HasSetting(Razzmatazz) + !Skin.HasSetting(PellucidV1) + !Skin.HasSetting(Orange) + !Skin.HasSetting(Medium) + !Skin.HasSetting(lightblue) + !Skin.HasSetting(Interest) + !Skin.HasSetting(Green) + !Skin.HasSetting(Gold) + !Skin.HasSetting(Dribble) + !Skin.HasSetting(Default) + !Skin.HasSetting(Darkblue) + !Skin.HasSetting(Bluewood)">ffad1e4e</value>
	</variable>

    <variable name="highlight_Shadow">
		<value condition="Skin.HasSetting(Bluewood)">7734495e</value>
        <value condition="Skin.HasSetting(Darkblue)">7700008B</value>
        <value condition="Skin.HasSetting(Default)">77ad1e4e</value>
        <value condition="Skin.HasSetting(Dribble)">77e4405f</value>
        <value condition="Skin.HasSetting(Gold)">77FFD700</value>
        <value condition="Skin.HasSetting(Green)">77006400</value>
        <value condition="Skin.HasSetting(Interest)">77bd081c</value>
        <value condition="Skin.HasSetting(lightblue)">7787cefa</value>
        <value condition="Skin.HasSetting(Medium)">7702b875</value>
        <value condition="Skin.HasSetting(Orange)">77aace5621</value>
        <value condition="Skin.HasSetting(PellucidV1)">77ee3343</value>
        <value condition="Skin.HasSetting(Razzmatazz)">77db0a5b</value>
        <value condition="Skin.HasSetting(Tumble)">7734465d</value>
        <value condition="Skin.HasSetting(Turquoise)">7700868B</value>
        <value condition="Skin.HasSetting(Vine)">7700b489</value>
        <value condition="Skin.HasSetting(VK)">774c75a3</value>
        <value condition="!Skin.HasSetting(VK) + !Skin.HasSetting(Vine) + !Skin.HasSetting(Turquoise) + !Skin.HasSetting(Tumble) + !Skin.HasSetting(Razzmatazz) + !Skin.HasSetting(PellucidV1) + !Skin.HasSetting(Orange) + !Skin.HasSetting(Medium) + !Skin.HasSetting(lightblue) + !Skin.HasSetting(Interest) + !Skin.HasSetting(Green) + !Skin.HasSetting(Gold) + !Skin.HasSetting(Dribble) + !Skin.HasSetting(Default) + !Skin.HasSetting(Darkblue) + !Skin.HasSetting(Bluewood)">77ad1e4e</value>
	</variable>
    
    <variable name="Home">
		<value condition="Skin.HasSetting(Bluewood)">fff0f0f0</value>
        <value condition="Skin.HasSetting(Darkblue)">fff0f0f0</value>
        <value condition="Skin.HasSetting(Default)">fff0f0f0</value>
        <value condition="Skin.HasSetting(Dribble)">fff0f0f0</value>
        <value condition="Skin.HasSetting(Gold)">ff111111</value>
        <value condition="Skin.HasSetting(Green)">fff0f0f0</value>
        <value condition="Skin.HasSetting(Interest)">fff0f0f0</value>
        <value condition="Skin.HasSetting(lightblue)">ff111111</value>
        <value condition="Skin.HasSetting(Medium)">fff0f0f0</value>
        <value condition="Skin.HasSetting(Orange)">fff0f0f0</value>
        <value condition="Skin.HasSetting(PellucidV1)">fff0f0f0</value>
        <value condition="Skin.HasSetting(Razzmatazz)">fff0f0f0</value>
        <value condition="Skin.HasSetting(Tumble)">fff0f0f0</value>
        <value condition="Skin.HasSetting(Turquoise)">fff0f0f0</value>
        <value condition="Skin.HasSetting(Vine)">fff0f0f0</value>
        <value condition="Skin.HasSetting(VK)">fff0f0f0</value>
        <value condition="!Skin.HasSetting(VK) + !Skin.HasSetting(Vine) + !Skin.HasSetting(Turquoise) + !Skin.HasSetting(Tumble) + !Skin.HasSetting(Razzmatazz) + !Skin.HasSetting(PellucidV1) + !Skin.HasSetting(Orange) + !Skin.HasSetting(Medium) + !Skin.HasSetting(lightblue) + !Skin.HasSetting(Interest) + !Skin.HasSetting(Green) + !Skin.HasSetting(Gold) + !Skin.HasSetting(Dribble) + !Skin.HasSetting(Default) + !Skin.HasSetting(Darkblue) + !Skin.HasSetting(Bluewood)">fff0f0f0</value>
	</variable>
    <variable name="selected">
		<value condition="Skin.HasSetting(Bluewood)">yellow</value>
        <value condition="Skin.HasSetting(Darkblue)">yellow</value>
        <value condition="Skin.HasSetting(Default)">yellow</value>
        <value condition="Skin.HasSetting(Dribble)">yellow</value>
        <value condition="Skin.HasSetting(Gold)">green</value>
        <value condition="Skin.HasSetting(Green)">yellow</value>
        <value condition="Skin.HasSetting(Interest)">yellow</value>
        <value condition="Skin.HasSetting(lightblue)">yellow</value>
        <value condition="Skin.HasSetting(Medium)">yellow</value>
        <value condition="Skin.HasSetting(Orange)">yellow</value>
        <value condition="Skin.HasSetting(PellucidV1)">yellow</value>
        <value condition="Skin.HasSetting(Razzmatazz)">yellow</value>
        <value condition="Skin.HasSetting(Tumble)">yellow</value>
        <value condition="Skin.HasSetting(Turquoise)">yellow</value>
        <value condition="Skin.HasSetting(Vine)">yellow</value>
        <value condition="Skin.HasSetting(VK)">yellow</value>
        <value condition="!Skin.HasSetting(VK) + !Skin.HasSetting(Vine) + !Skin.HasSetting(Turquoise) + !Skin.HasSetting(Tumble) + !Skin.HasSetting(Razzmatazz) + !Skin.HasSetting(PellucidV1) + !Skin.HasSetting(Orange) + !Skin.HasSetting(Medium) + !Skin.HasSetting(lightblue) + !Skin.HasSetting(Interest) + !Skin.HasSetting(Green) + !Skin.HasSetting(Gold) + !Skin.HasSetting(Dribble) + !Skin.HasSetting(Default) + !Skin.HasSetting(Darkblue) + !Skin.HasSetting(Bluewood)">yellow</value>
	</variable>

    <variable name="PVRInfoPanelDateDurationLabel">
		<value condition="!String.IsEmpty(ListItem.StartDate) + !String.IsEmpty(ListItem.StartTime)">[COLOR $VAR[highlight]]$LOCALIZE[552]:[/COLOR]$INFO[ListItem.StartDate] [CR][COLOR $VAR[highlight]]$LOCALIZE[19126]:[/COLOR]$INFO[ListItem.StartTime] [CR][COLOR $VAR[highlight]]$LOCALIZE[180]:[/COLOR]$INFO[ListItem.Duration] </value>
		<value>[COLOR $VAR[highlight]]$LOCALIZE[552]:[/COLOR]$INFO[ListItem.Date][CR][COLOR $VAR[highlight]]$LOCALIZE[180]:[/COLOR]$INFO[ListItem.Duration]</value>
	</variable>

    <variable name="WeatherIconsPathVar">
		<value condition="!String.IsEmpty(Skin.String(weathericons.path))">$INFO[Skin.String(weathericons.path)]</value>
		<value>resource://resource.images.weathericons.default/</value>
	</variable> 
	<variable name="WeatherIconsExtVar">
		<value condition="String.Contains(Skin.String(weathericons.path),animated)" />
		<value condition="!String.IsEmpty(Skin.String(weathericons.ext))">$INFO[Skin.String(weathericons.ext)]</value>
		<value>.png</value>
	</variable>

</includes>

