<?xml version="1.0" encoding="UTF-8"?>
<window>
    <defaultcontrol/>
    <controls>
        <control type="group">
            <posx>col-19-begin</posx>
            <include condition="!window.isactive(Notification)">progressPosition1</include>
            <include condition="window.isactive(Notification)">progressPosition2</include>
            <!--animations-->
            <animation type="Windowclose">
                <effect type="fade" start="100" end="0" time="400" tween="sine"/>
            </animation>
            <control type="group">
                <!--animations-->
                <animation type="Windowopen">
                    <effect type="slide" start="1000,0" end="0,0" time="400" tween="sine"/>
                </animation>
                <control type="image">
                    <posx>0</posx>
                    <posy>0</posy>
                    <width>8-col</width>
                    <height>3-row</height>
                    <texture>masks/discsurface.png</texture>
                    <colordiffuse>ffFFFFFF</colordiffuse>
                    <bordertexture colordiffuse="$VAR[highlight]">masks/discsurface.png</bordertexture>
                    <bordersize>6,0,0,0</bordersize>
                </control>
                <control type="label" id="30">
                    <visible>!String.IsEqual(control.getlabel(30),control.getlabel(31))</visible>
                    <description>heading</description>
                    <posx>24</posx>
                    <posy>0</posy>
                    <font>itemSubTitle</font>
                    <width>468</width>
                    <height>60</height>
                    <aligny>center</aligny>
                    <label></label>
                    <textcolor>black</textcolor>
                    <shadowcolor></shadowcolor>
                    <!--animations-->
                    <animation type="Windowopen">
                        <effect type="fade" start="0" end="100" delay="400" time="400" tween="sine"/>
                    </animation>
                </control>
                <control type="label">
                    <visible>String.IsEqual(control.getlabel(30),control.getlabel(31))</visible>
                    <description>heading</description>
                    <posx>24</posx>
                    <posy>0</posy>
                    <font>itemSubTitle</font>
                    <width>468</width>
                    <height>60</height>
                    <aligny>center</aligny>
                    <label>31023</label>
                    <textcolor>black</textcolor>
                    <shadowcolor></shadowcolor>
                    <!--animations-->
                    <animation type="Windowopen">
                        <effect type="fade" start="0" end="100" delay="400" time="400" tween="sine"/>
                    </animation>
                </control>
                <control type="label" id="31">
                    <description>message</description>
                    <posx>24</posx>
                    <posy>1-row</posy>
                    <font>dialogTitle</font>
                    <textcolor>black</textcolor>
                    <width>468</width>
                    <height>2-row</height>
                    <aligny>center</aligny>
                    <label></label>
                    <scroll>true</scroll>
                    <scrollspeed>100</scrollspeed>
                    <!--animations-->
                    <animation type="Windowopen">
                        <effect type="fade" start="0" end="100" delay="600" time="400" tween="sine"/>
                    </animation>
                </control>
            </control>
        </control>
        <!--debugging-->
        <include>DebugGrid</include>
        <control type="label">
            <posy>0</posy>
            <include>DialogID</include>
            <label>DialogExtendedProgressBar.xml</label>
        </control>
    </controls>
</window>
