<?xml version="1.0" encoding="UTF-8"?>
<includes>
	<include name="tvshows">
		<control type="group">
			<visible>$EXP[isTVShow] + !string.contains(container.folderpath,playlists)</visible>
			<control type="image">
				<visible>control.hasfocus(9203) | control.hasfocus(9202)</visible>
	            <include>dimensionsFullscreen</include>
	            <texture fallback="colors/black.png">$INFO[container(9203).listitem.art(fanart)]</texture>
	            <colordiffuse>FF555555</colordiffuse>
	            <aspectratio>scale</aspectratio>
				<fadetime>250</fadetime>
	        </control>
			<control type="group" id="9201">
				<visible>$EXP[isTVShow] + !string.contains(container.folderpath,playlists) + !Skin.HasSetting(disableRecentTVShows)</visible>
				<animation type="Conditional" condition="!controlgroup(9201).hasfocus">
	                <effect type="slide" start="0,0" end="0,-200" time="200"/>
					<effect type="fade" start="100" end="0" time="200"/>
	            </animation>
				<animation type="Conditional" condition="controlgroup(9201).hasfocus">
	                <effect type="slide" start="0,-200" end="0,0" time="200" delay="300"/>
	                <effect type="fade" start="0" end="100" time="300" delay="350"/>
	            </animation>
				<!--quick link selector-->
				<control type="list" id="9202">
	                <posx>col-1-begin</posx>
	                <posy>180</posy>
	                <width>24-col</width>
	                <height>2-row</height>
	                <onleft>9000</onleft>
	                <ondown>9203</ondown>
	                
	                <orientation>horizontal</orientation>
	                <itemlayout width="4-col" height="2-row">
	                    <control type="label">
	                        <posx>0</posx>
	                        <posy>0</posy>
	                        <width>4-col</width>
	                        <height>2-row</height>
	                        <font>menuTitle</font>
	                        <aligny>center</aligny>
	                        <textcolor>textDisabled</textcolor>
	                        <shadowcolor></shadowcolor>
	                        <label>$INFO[ListItem.property(textTitle)]</label>
	                    </control>
	                </itemlayout>
	                <focusedlayout width="4-col" height="2-row">
	                    <control type="label">
	                        <posx>0</posx>
	                        <posy>0</posy>
	                        <width>4-col</width>
	                        <height>2-row</height>
	                        <font>menuTitle</font>
	                        <aligny>center</aligny>
	                        <textcolor>textActive</textcolor>
	                        <shadowcolor></shadowcolor>
	                        <label>$INFO[ListItem.property(textTitle)]</label>
							<animation type="conditional" condition="control.hasfocus(9202)" loop="true">
	                            <effect type="fade" start="100" end="50" time="1000"/>
	                        </animation>
	                    </control>
	                </focusedlayout>
	                <content>
						<item id="1">
	                        <label>special://skin/extras/playlists/recentEpisodes.xsp</label>
	                        <property name="textTitle">31178</property>
	                    </item>
	                    <item id="2">
	                        <label>special://skin/extras/playlists/inprogressTVShows.xsp</label>
	                        <property name="textTitle">31127</property>
	                    </item>
	                </content>
	            </control>
				<!--quick links-->			
				<control type="panel" id="9203">
					<posx>90</posx>
	                <posy>288</posy>
	                <width>1740</width>
	                <height>11-row</height>
					<onup>9202</onup>
	                <ondown>52</ondown>
	                <onleft>9000</onleft>
	                
	                <orientation>horizontal</orientation>
					<onclick condition="container(9202).hasfocus(1)">activatewindow(Videos,videodb://tvshows/titles/$INFO[listitem.dbid]/)</onclick>
	                <itemlayout width="586" height="5-col-gutter">
	                    <control type="image">
	                        <posx>0</posx>
	                        <posy>0</posy>
	                        <width>566</width>
	                        <height>318</height>
	                        <aspectratio>stretch</aspectratio>
	                        <texture>colors/black.png</texture>
	                        <bordersize>12</bordersize>
	                    </control>
						<control type="image">
							<visible>!string.isempty(ListItem.Art(fanart))</visible>
	                        <posx>0</posx>
	                        <posy>0</posy>
	                        <width>566</width>
	                        <height>318</height>
	                        <aspectratio>stretch</aspectratio>
	                        <texture>$INFO[ListItem.Art(fanart)]</texture>
	                        <bordersize>12</bordersize>
	                        <colordiffuse>99FFFFFF</colordiffuse>
	                    </control>
						<control type="image">
							<visible>string.isempty(ListItem.Art(fanart))</visible>
	                        <posx>0</posx>
	                        <posy>0</posy>
	                        <width>566</width>
	                        <height>318</height>
	                        <aspectratio>scale</aspectratio>
	                        <texture>$INFO[ListItem.Art(thumb)]</texture>
	                        <bordersize>6</bordersize>
	                        <colordiffuse>99FFFFFF</colordiffuse>
	                    </control>
	                    <control type="label">
	                        <visible>!controlgroup(9000).hasfocus + container(9202).hasfocus(1)</visible>
	                        <posx>12</posx>
	                        <posy>306</posy>
	                        <width>584</width>
	                        <height>2-row</height>
	                        <aligny>center</aligny>
	                        <font>thumbTitle</font>
	                        <textcolor>textActive</textcolor>
	                        <label>[B]$INFO[ListItem.Title][/B][CR]$INFO[ListItem.Property(UnWatchedEpisodes),, $LOCALIZE[31189]]</label>
	                    </control>
						<control type="label">
	                        <visible>!controlgroup(9000).hasfocus + container(9202).hasfocus(2)</visible>
	                        <posx>12</posx>
	                        <posy>306</posy>
	                        <width>584</width>
	                        <height>2-row</height>
	                        <aligny>center</aligny>
	                        <font>thumbTitle</font>
	                        <textcolor>textActive</textcolor>
	                        <label>[B]$INFO[ListItem.tvshowtitle][/B][CR]$INFO[ListItem.label]</label>
	                    </control>
	      				<control type="progress">
							<visible>ListItem.IsResumable</visible>
			                <description>Progress Bar</description>
			                <posx>12</posx>
			                <posy>294</posy>
			                <width>542</width>
			                <height>12</height>
			                <texturebg colordiffuse="textboxInactive">colors/offblack.png</texturebg>
			                <midtexture colordiffuse="highlight">colors/white.png</midtexture>
			                <info>ListItem.PercentPlayed</info>
			            </control>
	                </itemlayout>
	                <focusedlayout width="586" height="5-col-gutter">
	                    <control type="group">
	                        <include>focusThumb</include>
	                        <control type="image">
	                            <posx>0</posx>
	                            <posy>0</posy>
	                            <width>566</width>
	                            <height>318</height>
	                            <aspectratio>stretch</aspectratio>
	                            <texture border="6">colors/black.png</texture>
	                            <bordertexture colordiffuse="ffFFFFFF">colors/white.png</bordertexture>
	                            <bordersize>6</bordersize>
	                            <colordiffuse>FF000000</colordiffuse>
	                        </control>
							<control type="image">
								<visible>!string.isempty(ListItem.Art(fanart))</visible>
		                        <posx>0</posx>
		                        <posy>0</posy>
		                        <width>566</width>
		                        <height>318</height>
		                        <aspectratio>stretch</aspectratio>
		                        <texture>$INFO[ListItem.Art(fanart)]</texture>
		                        <bordersize>6</bordersize>
		                        <colordiffuse>BBffffff</colordiffuse>
		                    </control>
							<control type="image">
								<visible>string.isempty(ListItem.Art(fanart))</visible>
		                        <posx>0</posx>
		                        <posy>0</posy>
		                        <width>566</width>
		                        <height>318</height>
		                        <aspectratio>scale</aspectratio>
		                        <texture>$INFO[ListItem.Art(thumb)]</texture>
		                        <bordersize>6</bordersize>
		                        <colordiffuse>BBffffff</colordiffuse>
		                    </control>
	                        <control type="label">
		                        <visible>!controlgroup(9000).hasfocus + container(9202).hasfocus(1)</visible>
		                        <posx>12</posx>
		                        <posy>316</posy>
		                        <width>584</width>
		                        <height>2-row</height>
		                        <aligny>center</aligny>
		                        <font>thumbTitle</font>
		                        <textcolor>textActive</textcolor>
		                        <label>[B]$INFO[ListItem.Title][/B][CR]$INFO[ListItem.Property(UnWatchedEpisodes),, $LOCALIZE[31189]]</label>
		                    </control>
							<control type="label">
		                        <visible>!controlgroup(9000).hasfocus + container(9202).hasfocus(2)</visible>
		                        <posx>12</posx>
		                        <posy>316</posy>
		                        <width>584</width>
		                        <height>2-row</height>
		                        <aligny>center</aligny>
		                        <font>thumbTitle</font>
		                        <textcolor>textActive</textcolor>
		                        <label>[B]$INFO[ListItem.tvshowtitle][/B][CR]$INFO[ListItem.label]</label>
		                    </control>
		      				<control type="progress">
								<visible>ListItem.IsResumable</visible>
				                <description>Progress Bar</description>
				                <posx>12</posx>
				                <posy>294</posy>
				                <width>542</width>
				                <height>12</height>
				                <texturebg colordiffuse="textboxInactive">colors/offblack.png</texturebg>
				                <midtexture colordiffuse="highlight">colors/white.png</midtexture>
				                <info>ListItem.PercentPlayed</info>
				            </control>
	                    </control>
	                </focusedlayout>
					<content>$INFO[control.getlabel(9202)]</content>
	            </control>
			</control>
		</control>
		<!--all TVShows-->
		<control type="group" id="9204">
			<animation type="Conditional" condition="controlgroup(9204).hasfocus | controlgroup(8000).hasfocus | controlgroup(9000).hasfocus | Skin.HasSetting(disableRecentTVShows)">
                <effect type="slide" start="0,0" end="0,-576" tween="sine" time="400"/>
            </animation>
			<control type="label">
                <visible>!controlgroup(9000).hasfocus + $EXP[isTVShow] + !$EXP[isMovie]</visible>
                <posx>col-1-begin</posx>
                <posy>736</posy>
                <width>12-col</width>
                <height>2-row</height>
                <aligny>center</aligny>
                <font>menuTitle</font>
                <textcolor>textActive</textcolor>
                <label>$LOCALIZE[31225]</label>
            </control>
			<control type="panel" id="52">
				<visible>$EXP[isTVShow] + !$EXP[isMovie]</visible>
				<posx>90</posx>
				<posy>828</posy>
				<width>1800</width>
				<height>23-row</height>
				<onleft>9000</onleft>
				<onright>60</onright>
				<onup>9203</onup>
				<onback>9203</onback>
				<pagecontrol>60</pagecontrol>
				<scrolltime tween="sine">250</scrolltime>
				<itemlayout width="252" height="438">
					<control type="image">
						<posx>-6</posx>
						<posy>-6</posy>
						<width>240</width>
						<height>354</height>
						<aspectratio>stretch</aspectratio>
						<texture>colors/black.png</texture>
						<bordersize>6</bordersize>
						<colordiffuse>11FFFFFF</colordiffuse>
					</control>
					<control type="image">
						<posx>0</posx>
						<posy>0</posy>
						<width>228</width>
						<height>342</height>
						<aspectratio>stretch</aspectratio>
						<texture>$INFO[ListItem.Art(poster)]</texture>
						<bordersize>6</bordersize>
						<colordiffuse>99FFFFFF</colordiffuse>
					</control>
					<control type="textbox">
						<visible>String.IsEmpty(listitem.title)</visible>
						<posx>24</posx>
						<posy>3-row</posy>
						<width>228</width>
						<height>6-row</height>
						<font>largeTitle</font>
						<wrapmultiline>true</wrapmultiline>
						<textcolor>textActive</textcolor>
						<label>$INFO[ListItem.label]</label>
					</control>
					<control type="label">
						<visible>!System.Setting(hidewatched) + !controlgroup(9000).hasfocus</visible>
						<posx>12</posx>
						<posy>350</posy>
						<width>204</width>
						<height>1-row</height>
						<aligny>center</aligny>
						<font>thumbTitle</font>
						<textcolor>textActive</textcolor>
						<label>[B]$INFO[ListItem.title][/B][CR]$INFO[ListItem.Property(TotalEpisodes),, $LOCALIZE[31189]]</label>
					</control>
					<control type="label">
						<visible>System.Setting(hidewatched) + !controlgroup(9000).hasfocus</visible>
						<posx>12</posx>
						<posy>350</posy>
						<width>204</width>
						<height>1-row</height>
						<aligny>center</aligny>
						<font>thumbTitle</font>
						<textcolor>textActive</textcolor>
						<label>[B]$INFO[ListItem.title][/B][CR]$INFO[ListItem.Property(UnWatchedEpisodes),, $LOCALIZE[31189]]</label>
					</control>
					<control type="group">
						<visible>Integer.IsGreater(ListItem.Property(UnWatchedEpisodes),0)</visible>
						<animation condition="true" effect="fade" end="70" time="0">conditional</animation>
						<posx>167</posx>
						<posy>6</posy>
						<control type="image">
							<posx>0</posx>
							<posy>0</posy>
							<width>56</width>
							<height>56</height>
							<aspectratio>stretch</aspectratio>
							<texture>masks/newContent.png</texture>
							<colordiffuse>highlight</colordiffuse>
						</control>
						<control type="label">
							<posx>28</posx>
							<posy>-4</posy>
							<width>36</width>
							<height>36</height>
							<aligny>center</aligny>
							<font>symbol</font>
							<textcolor>textActive</textcolor>
							<label></label>
						</control>
					</control>
				</itemlayout>
				<focusedlayout width="252" height="438">
					<control type="group">
						<include>focusThumb</include>
						<control type="image">
							<posx>0</posx>
							<posy>0</posy>
							<width>228</width>
							<height>342</height>
							<aspectratio>stretch</aspectratio>
							<texture border="6">colors/black.png</texture>
							<bordertexture border="6" colordiffuse="FFFFFFFF">colors/white.png</bordertexture>
							<bordersize>6</bordersize>
							<colordiffuse>FF000000</colordiffuse>
						</control>
						<control type="image">
							<posx>0</posx>
							<posy>0</posy>
							<width>228</width>
							<height>342</height>
							<aspectratio>stretch</aspectratio>
							<texture>$INFO[ListItem.Art(poster)]</texture>
							<bordersize>6</bordersize>
						</control>
						<control type="textbox">
							<visible>String.IsEmpty(listitem.title)</visible>
							<posx>24</posx>
							<posy>3-row</posy>
							<width>228</width>
							<height>6-row</height>
							<font>largeTitle</font>
							<wrapmultiline>true</wrapmultiline>
							<textcolor>textActive</textcolor>
							<label>$INFO[ListItem.label]</label>
						</control>
						<control type="label">
							<visible>!System.Setting(hidewatched) + !controlgroup(9000).hasfocus</visible>
							<posx>12</posx>
							<posy>354</posy>
							<width>204</width>
							<height>1-row</height>
							<aligny>center</aligny>
							<font>thumbTitle</font>
							<textcolor>textActive</textcolor>
							<label>[B]$INFO[ListItem.title][/B][CR]$INFO[ListItem.Property(TotalEpisodes),, $LOCALIZE[31189]]</label>
						</control>
						<control type="label">
							<visible>System.Setting(hidewatched) + !controlgroup(9000).hasfocus</visible>
							<posx>12</posx>
							<posy>354</posy>
							<width>204</width>
							<height>1-row</height>
							<aligny>center</aligny>
							<font>thumbTitle</font>
							<textcolor>textActive</textcolor>
							<label>[B]$INFO[ListItem.title][/B][CR]$INFO[ListItem.Property(UnWatchedEpisodes),, $LOCALIZE[31189]]</label>
						</control>
						<control type="group">
							<visible>Integer.IsGreater(ListItem.Property(UnWatchedEpisodes),0)</visible>
							<posx>166</posx>
							<posy>6</posy>
							<control type="image">
								<posx>0</posx>
								<posy>0</posy>
								<width>56</width>
								<height>56</height>
								<aspectratio>stretch</aspectratio>
								<texture>masks/newContent.png</texture>
								<colordiffuse>highlight</colordiffuse>
							</control>
							<control type="label">
								<posx>28</posx>
								<posy>-4</posy>
								<width>36</width>
								<height>36</height>
								<aligny>center</aligny>
								<font>symbol</font>
								<textcolor>Home</textcolor>
								<label></label>
							</control>
						</control>
					</control>
				</focusedlayout>
			</control>
		</control>
	</include>
</includes>
