<?xml version="1.0" encoding="UTF-8" standalone="yes"?>
<addon id="repository.stickdrift" name="stickdrift Repository" provider-name="stickdrift29" version="1.0.5">
	    <extension point="xbmc.addon.repository" name="stickdrift Repository">
                <dir>
                    <info compressed="false">https://stickdrift29.github.io/repository.stickdrift/repo/repository.stickdrift/addons.xml</info>
                    <checksum>https://stickdrift29.github.io/repository.stickdrift/repo/repository.stickdrift/addons.xml.md5</checksum>
                    <datadir zip="true">https://stickdrift29.github.io/repository.stickdrift/repo/repository.stickdrift/</datadir>
                </dir>
                <dir minversion="19.9.701">
			        <info compressed="false">https://raw.githubusercontent.com/streamxstream/xStreamRepo/master/nexus/addons.xml</info>
			        <checksum>https://raw.githubusercontent.com/streamxstream/xStreamRepo/master/nexus/addons.xml.md5</checksum>
			        <datadir zip="true">https://raw.githubusercontent.com/streamxstream/xStreamRepo/master/nexus/</datadir>
		        </dir>
                <dir>
				    <info compressed="false">https://raw.githubusercontent.com/bugatsinho/bugatsinho.github.io/master/addons.xml</info>
				    <checksum>https://raw.githubusercontent.com/bugatsinho/bugatsinho.github.io/master/addons.xml.md5</checksum>
				    <datadir zip="true">https://raw.githubusercontent.com/bugatsinho/bugatsinho.github.io/master/_zips</datadir>
				    <hashes>false</hashes>
			    </dir>
                <dir>
			        <info compressed="false">https://michaz1988.github.io/repo/addons.xml</info>
			        <checksum>https://michaz1988.github.io/repo/addons.xml.md5</checksum>
			        <datadir zip="true">https://michaz1988.github.io/repo/</datadir>
		        </dir>
                <dir>
			        <info compressed="true">https://repo.kodinerds.net/addons/addons.xml</info>
			        <checksum>https://repo.kodinerds.net/addons/addons.xml.md5</checksum>
			        <datadir zip="true">https://repo.kodinerds.net/addons</datadir>
			        <hashes>false</hashes>
		        </dir>
		        <dir minversion="20.9.9" maxversion="21.9.0">
			        <info compressed="true">https://repo.kodinerds.net/addons/omega/addons.xml</info>
			        <checksum>https://repo.kodinerds.net/addons/omega/addons.xml.md5</checksum>
			        <datadir zip="true">https://repo.kodinerds.net/addons/omega/zip/</datadir>
			        <hashes>false</hashes>
		        </dir>
		        <dir minversion="20.0.0" maxversion="21.9.0">
			        <info compressed="true">https://repo.kodinerds.net/addons/nexus/addons.xml</info>
			        <checksum>https://repo.kodinerds.net/addons/nexus/addons.xml.md5</checksum>
			        <datadir zip="true">https://repo.kodinerds.net/addons/nexus/zip/</datadir>
			        <hashes>false</hashes>
		        </dir>
        </extension>
        <extension point="xbmc.addon.metadata">
            <summary>Kodi</summary>
            <description lang="de">Addons von stickdrift29</description>
            <disclaimer></disclaimer>
            <platform>all</platform>
            <assets>
			    <icon>icon.png</icon>
		    </assets>
        </extension>
</addon>