<?xml version="1.0" encoding="UTF-8" standalone="yes"?>
<addon id="repository.stickdrift" name="Stickdrift Repository" provider-name="stickdrift29" version="2.1.2">
	    <extension point="xbmc.addon.repository" name="Stickdrift repo">
            <dir>
                <info compressed="false">https://stickdrift29.github.io/stickdrift/repo/Omega/addons.xml</info>
                <checksum>https://stickdrift29.github.io/stickdrift/repo/Omega/addons.xml.md5</checksum>
                <datadir zip="true">https://stickdrift29.github.io/stickdrift/repo/Omega/</datadir>
            </dir>
            <dir>
				<info compressed="false">https://raw.githubusercontent.com/bugatsinho/bugatsinho.github.io/master/addons.xml</info>
				<checksum>https://raw.githubusercontent.com/bugatsinho/bugatsinho.github.io/master/addons.xml.md5</checksum>
				<datadir zip="true">https://raw.githubusercontent.com/bugatsinho/bugatsinho.github.io/master/_zips</datadir>
				<hashes>false</hashes>
			</dir>
            <dir>
			    <info compressed="false">https://michaz1988.github.io/repo/addons.xml</info>
			    <checksum>https://michaz1988.github.io/repo/addons.xml.md5</checksum>
			    <datadir zip="true">https://michaz1988.github.io/repo/</datadir>
		    </dir>
            <dir minversion="17.9.910" maxversion="18.9.700">
			    <info compressed="false">https://raw.githubusercontent.com/streamxstream/xStreamRepo/master/leia/addons.xml</info>
			    <checksum>https://raw.githubusercontent.com/streamxstream/xStreamRepo/master/leia/addons.xml.md5</checksum>
			    <datadir zip="true">https://raw.githubusercontent.com/streamxstream/xStreamRepo/master/leia/</datadir>
		    </dir>
		    <dir minversion="18.9.701" maxversion="19.9.700">
			    <info compressed="false">https://raw.githubusercontent.com/streamxstream/xStreamRepo/master/matrix/addons.xml</info>
			    <checksum>https://raw.githubusercontent.com/streamxstream/xStreamRepo/master/matrix/addons.xml.md5</checksum>
			    <datadir zip="true">https://raw.githubusercontent.com/streamxstream/xStreamRepo/master/matrix/</datadir>
		    </dir>
		    <dir minversion="19.9.701">
			    <info compressed="false">https://raw.githubusercontent.com/streamxstream/xStreamRepo/master/nexus/addons.xml</info>
			    <checksum>https://raw.githubusercontent.com/streamxstream/xStreamRepo/master/nexus/addons.xml.md5</checksum>
			    <datadir zip="true">https://raw.githubusercontent.com/streamxstream/xStreamRepo/master/nexus/</datadir>
		    </dir>
        </extension>
        <extension point="xbmc.addon.metadata">
            <summary>Kodi</summary>
            <description lang="de">Addons von stickdrift29</description>
            <disclaimer></disclaimer>
            <platform>all</platform>
            <assets>
			    <icon>icon.png</icon>
		    </assets>
        </extension>
</addon>