<?xml version="1.0" encoding="UTF-8"?>
<window id="1131" type="dialog">
	<defaultcontrol always="true">9011</defaultcontrol>
	<onunload>ClearProperty(actualViewtype,Home)</onunload>
	<controls>
		<control type="image">
            <include>dimensionsFullscreen</include>
            <texture>colors/black.png</texture>
            <colordiffuse>d5FFFFFF</colordiffuse>
            <aspectratio>stretch</aspectratio>
			<animation type="Conditional" condition="controlgroup(9000).hasfocus">
                <effect type="fade" start="0" end="1000" time="200"/>
            </animation>
            <animation type="Conditional" condition="!controlgroup(9000).hasfocus">
                <effect type="fade" start="1000" end="0" time="100"/>
            </animation>
            
        </control>
        <control type="group" id="9000">
            <control type="image">
                <posx></posx>
                <posy></posy>
                <width>384</width>
                <height>1500</height>
                <texture>background-shelfbackdrop.png</texture>
                <colordiffuse>$VAR[highlight]</colordiffuse>
                <aspectratio>stretch</aspectratio>
            </control>
		
	            <control type="label">
	                <posx>70</posx>
	                <posy>10</posy>
	                <width>73</width>
	                <height>73</height>
	                <font>symbolVeryLarge</font>
	                <aligny>center</aligny>
	                <textcolor>$VAR[Home]</textcolor>
	                <label>$VAR[menuLogo]</label>
	            </control>
		</control>
		<control type="button" id="8999">
			<left>365</left>
			<top>-11</top>
			<width>64</width>
			<height>48</height>
			<label></label>
			<font>symbolLarge</font>
			<textcolor>grey</textcolor>
			<focusedcolor>$VAR[Home]</focusedcolor>
			<onclick>Dialog.Close(1131)</onclick>
			<texturefocus />
			<texturenofocus />
			<visible>system.getbool(input.enablemouse)</visible>
		</control>
		<control type="group">
			
			<control type="label">
				<top>80</top>
				<width>400</width>
				<height>48</height>
				<textoffsetx>15</textoffsetx>
				<font>buttonTitle</font>
				<label>$INFO[Container.Viewmode] $LOCALIZE[5]</label>
				<textcolor>$VAR[selected]</textcolor>
			</control>
			<control type="grouplist" id="9011">
				<top>128</top>
				<width>400</width>
				<height>915</height>
				<onleft>Dialog.Close(1131)</onleft>
				<onright>Dialog.Close(1131)</onright>
				<onup>9011</onup>
				<ondown>9011</ondown>
				<!-- Top Settings -->
				<!-- Button IDs (1500-1509) -->
				<!-- TopBar 
				<control type="button" id="1500">
					<include>ButtonCommonValues</include>
					<label>$LOCALIZE[31252]</label>
					<label2>[COLOR $VAR[Home]]$VAR[NoTopBarLabelVar][/COLOR]</label2>
					<onclick>$VAR[NoTopBarOnClickVar]</onclick>
					<visible>!Skin.HasSetting(Disable.TopBar)</visible>
				</control>
				-->
				<!-- Watched Status Indicators -->
				<control type="button" id="1501">
					<include>ButtonCommonValues</include>
					<label>$LOCALIZE[31188]</label>
					<label2>[COLOR $VAR[Home]]$VAR[DisableOverlayLabelVar][/COLOR]</label2>
					<onclick>$VAR[DisableOverlayOnclickVar]</onclick>
					<visible>[!String.IsEmpty(Skin.String(Overlay.Toggle)) | !Skin.HasSetting(Disable.overlays)] + !Window.IsActive(music) + !Window.IsActive(programs) + !Container.Content(genres)</visible>
					<visible>[String.IsEqual(Window(Home).Property(actualViewtype),Landscape) | String.IsEqual(Window(Home).Property(actualViewtype),ShowCase) | String.IsEqual(Window(Home).Property(actualViewtype),MyFlix) | String.IsEqual(Window(Home).Property(actualViewtype),Icons) | String.IsEqual(Window(Home).Property(actualViewtype),Wall) | [String.IsEqual(Window(Home).Property(actualViewtype),FullscreenWall) + [Container.Content(movies) | Container.Content(tvshows) | Container.Content(sets)]] | String.IsEqual(Window(Home).Property(actualViewtype),InfoWall) | String.IsEqual(Window(Home).Property(actualViewtype),BannerWall) | String.IsEqual(Window(Home).Property(actualViewtype),BigList) | String.IsEqual(Window(Home).Property(actualViewtype),Shift) | String.IsEqual(Window(Home).Property(actualViewtype),Posters) | String.IsEqual(Window(Home).Property(actualViewtype),BigFan)]</visible>
				</control>
				<!-- View Settings -->
				<!-- Button IDs (1510-1549) -->
				<include condition="String.IsEqual(Container.Viewmode,List)">ListViewSettings</include>
				<include condition="String.IsEqual(Container.Viewmode,InfoWall)">InfoWallViewSettings</include>
				<include condition="String.IsEqual(Container.Viewmode,$LOCALIZE[31325])">LandscapeViewSettings</include>
				<include condition="String.IsEqual(Container.Viewmode,$LOCALIZE[31305])">ShowCaseViewSettings</include>
				<include condition="String.IsEqual(Container.Viewmode,$LOCALIZE[31305])">ShowCaseSquareViewSettings</include>
				<include condition="String.IsEqual(Container.Viewmode,Episode)">EpisodeViewSettings</include>
				<include condition="String.IsEqual(Container.Viewmode,Wall)">WallViewSettings</include>
				<include condition="String.IsEqual(Container.Viewmode,Gallery)">GalleryViewSettings</include>
				<include condition="String.IsEqual(Container.Viewmode,Panel)">PanelViewSettings</include>
				<include condition="String.IsEqual(Container.Viewmode,SongList)">SongListViewSettings</include>
				<include condition="String.IsEqual(Container.Viewmode,MyFlix)">MyFlixViewSettings</include>
				<include condition="String.IsEqual(Container.Viewmode,BigFan)">BigFanViewSettings</include>
				<include condition="String.IsEqual(Container.Viewmode,FanartList)">FanartListViewSettings</include>
				<include condition="String.IsEqual(Container.Viewmode,FullscreenWall)">FullscreenWallViewSettings</include>
				<!-- Bottom Settings -->
				<!-- Button IDs (1550-1559) -->
				<!-- InfoPopup Delay -->
				
				

			</control>
		</control>
		<control type="button" id="3002">
                <posx>384</posx>
                <posy>500</posy>
                <textwidth>60</textwidth>
                <font>symbolLarge</font>
                <align>center</align>
                <aligny>center</aligny>
                <width>60</width>
                <label></label>
                <label2></label2>
                <textcolor>$VAR[selected]</textcolor>
                <focusedcolor>$VAR[selected]</focusedcolor>
                <texturefocus colordiffuse="$VAR[highlight]">background-shelfbackdrop.png</texturefocus>
                <texturenofocus colordiffuse="$VAR[highlight]">background-shelfbackdrop.png</texturenofocus>
                <textoffsetx>2</textoffsetx>
				<onclick>Dialog.Close(1131)</onclick>
				<visible>skin.hassetting(Touch) + window.isactive(1131)</visible>
        </control>
		<include content="keyboard select">
                    <param name="posx">87%</param>
					<param name="posy">35%</param>
                    <param name="focus">9011</param>
                    <param name="up">up</param>
                    <param name="down">down</param>
                    <param name="left">left</param>
                    <param name="right">right</param>
                    <param name="select">select</param>
                    <param name="back">back</param>
					<param name="visible">skin.hassetting(Touch) + window.isactive(1131)</param>
                    <param name="upview">true</param>
					<param name="downview">true</param>
					<param name="leftview">true</param>
					<param name="rightview">true</param>
					<param name="selectview">true</param>
                    <param name="color">keyboardInactive</param>
                </include>
	</controls>
	
		
</window>