<?xml version="1.0" encoding="UTF-8"?>
<window>
    <defaultcontrol>160</defaultcontrol>
    <controls>
        <control type="group" id="250">
            <posx>col-3-begin</posx>
            <posy>row-3-begin</posy>
            <!--animations-->
            <include>modalDialogInOutVertical</include>
            <!--dialog background-->
            <control type="image">
                <posx>-12</posx>
                <posy>-12</posy>
                <width>1464</width>
                <height>23-row</height>
                <texture>colors/black.png</texture>
                <colordiffuse>aaFFFFFF</colordiffuse>
                <aspectratio>stretch</aspectratio>
            </control>
            <control type="image">
                <posx>0</posx>
                <posy>0</posy>
                <width>20-col</width>
                <height>71</height>
                <texture>background-shelfbackdrop.png</texture>
                <colordiffuse>$VAR[highlight]</colordiffuse>
                <aspectratio>stretch</aspectratio>
            </control>
            <!--title-->
            <control type="label">
                <posx>24</posx>
                <posy>0</posy>
                <width>20-col-gutter</width>
                <height>2-row</height>
                <font>dialogTitle</font>
                <label>$LOCALIZE[287] - $INFO[Player.Filename]</label>
                <textcolor>$VAR[Home]</textcolor>
            </control>
            <!-- ** Required ** Do not change <id>or<type>-->
            <control type="group">
                <!--options-->
                <control type="label" id="140">
                    <posx>col-4-begin</posx>
                    <posy>84</posy>
                    <width>12-col</width>
                    <height>2-row</height>
                    <aligny>center</aligny>
                    <font>itemTitle</font>
                    <textcolor>textActive</textcolor>
                    <wrapmultiline>true</wrapmultiline>
                </control>
                <!--subtitle file selection-->
                <control type="panel" id="120">
                    <posx>4-col</posx>
                    <posy>156</posy>
                    <width>16-col</width>
                    <height>19-row</height>
                    <onleft>150</onleft>
                    <onright>60</onright>
                    <scrolltime>200</scrolltime>
                    <pagecontrol>60</pagecontrol>
                    <itemlayout width="16-col" height="2-row">
                        <!--filename-->
                        <control type="label">
                            <posx>24</posx>
                            <posy>0</posy>
                            <width>12-col-gutter</width>
                            <height>2-row</height>
                            <aligny>center</aligny>
                            <font>itemTitle</font>
                            <textcolor>textActive</textcolor>
                            <selectedcolor>textActive</selectedcolor>
                            <shadowcolor></shadowcolor>
                            <info>ListItem.Label2</info>
                        </control>
                        <!--language / rating / sync / CC-->
                        <control type="label">
                            <posx>13-col</posx>
                            <posy>0</posy>
                            <width>3-col-gutter</width>
                            <height>2-row</height>
                            <aligny>center</aligny>
                            <font>itemSubTitle</font>
                            <textcolor>textActive</textcolor>
                            <selectedcolor>textActive</selectedcolor>
                            <shadowcolor></shadowcolor>
                            <label>$INFO[ListItem.Label] - $INFO[ListItem.ActualIcon]*</label>
                        </control>
                    </itemlayout>
                    <focusedlayout width="16-col" height="2-row">
                        <control type="image">
                            <posx>0</posx>
                            <posy>0</posy>
                            <width>16-col</width>
                            <height>2-row</height>
                            <aspectratio>stretch</aspectratio>
                            <texture colordiffuse="$VAR[selected_box]">background-shelfbackdrop.png</texture>
                            <bordersize>0</bordersize>
                            <colordiffuse>FFFFFFFF</colordiffuse>
                        </control>
                        <!--filename-->
                        <control type="label">
                            <posx>24</posx>
                            <posy>0</posy>
                            <width>12-col-gutter</width>
                            <height>2-row</height>
                            <aligny>center</aligny>
                            <font>itemTitle</font>
                            <textcolor>black</textcolor>
                            <selectedcolor>black</selectedcolor>
                            <shadowcolor></shadowcolor>
                            <info>ListItem.Label2</info>
                        </control>
                        <!--language / rating / sync / CC-->
                        <control type="label">
                            <posx>13-col</posx>
                            <posy>0</posy>
                            <width>3-col-gutter</width>
                            <height>2-row</height>
                            <aligny>center</aligny>
                            <font>itemSubTitle</font>
                            <textcolor>black</textcolor>
                            <selectedcolor>black</selectedcolor>
                            <shadowcolor></shadowcolor>
                            <label>$INFO[ListItem.Label] - $INFO[ListItem.ActualIcon]*</label>
                        </control>
                    </focusedlayout>
                </control>
                <!--page scrollbar-->
                <control type="group" id="8000">
                    <visible>Control.IsVisible(60)</visible>
                    <animation effect="fade" start="100" end="70" time="100" condition="!controlgroup(8000).hasfocus">conditional</animation>
                    <control type="scrollbar" id="60">
                        <right>3-col</right>
                        <posy>2-row</posy>
                        <height>21-row</height>
                        <onleft>120</onleft>
                    </control>
                </control>
            </control>
            <!--manual search button-->
            <control type="button" id="160">
                <posy>84</posy>
                <width>4-col</width>
                <label>31134</label>
                <ondown>150</ondown>
                <onright>120</onright>
                <textoffsetx>24</textoffsetx>
            </control>
            <!--subtitle service choice-->
            <control type="group">
                <control type="list" id="150">
                    <posx>0</posx>
                    <posy>168</posy>
                    <width>4-col</width>
                    <height>11-row</height>
                    <onright>120</onright>
                    <onup>160</onup>
                    <scrolltime>200</scrolltime>
                    <itemlayout width="4-col" height="84">
                        <control type="label">
                            <posx>24</posx>
                            <posy>0</posy>
                            <width>252</width>
                            <height>2-row</height>
                            <aligny>center</aligny>
                            <font>buttonTitle</font>
                            <textcolor>textActive</textcolor>
                            <selectedcolor>textActive</selectedcolor>
                            <shadowcolor></shadowcolor>
                            <info>ListItem.Label</info>
                            <visible>!ListItem.property(man)</visible>
                        </control>
                        <control type="label">
                            <posx>24</posx>
                            <posy>0</posy>
                            <width>4-col-gutter</width>
                            <height>2-row</height>
                            <aligny>center</aligny>
                            <font>buttonTitle</font>
                            <textcolor>textActive</textcolor>
                            <selectedcolor>textActive</selectedcolor>
                            <shadowcolor></shadowcolor>
                            <info>ListItem.Label</info>
                            <visible>ListItem.property(man)</visible>
                        </control>
                    </itemlayout>
                    <focusedlayout width="4-col" height="84">
                        <control type="image">
                            <visible>control.hasfocus(150)</visible>
                            <posx>0</posx>
                            <posy>0</posy>
                            <width>4-col</width>
                            <height>2-row</height>
                            <aspectratio>stretch</aspectratio>
                            <texture colordiffuse="$VAR[selected_box]">background-shelfbackdrop.png</texture>
                            <bordersize>0</bordersize>
                            <colordiffuse>ffFFFFFF</colordiffuse>
                        </control>
                        <control type="image">
                            <visible>!control.hasfocus(150)</visible>
                            <posx>0</posx>
                            <posy>0</posy>
                            <width>4-col</width>
                            <height>2-row</height>
                            <aspectratio>stretch</aspectratio>
                            <texture colordiffuse="$VAR[selected_box]">background-shelfbackdrop.png</texture>
                            <bordersize>0</bordersize>
                            <colordiffuse>aaFFFFFF</colordiffuse>
                        </control>
                        <control type="label">
                            <posx>12</posx>
                            <posy>0</posy>
                            <width>252</width>
                            <height>2-row</height>
                            <aligny>center</aligny>
                            <font>buttonTitle</font>
                            <textcolor>black</textcolor>
                            <selectedcolor>black</selectedcolor>
                            <shadowcolor></shadowcolor>
                            <info>ListItem.Label</info>
                            <visible>!ListItem.property(man)</visible>
                        </control>
                        <control type="label">
                            <posx>12</posx>
                            <posy>0</posy>
                            <width>252</width>
                            <height>2-row</height>
                            <aligny>center</aligny>
                            <font>buttonTitle</font>
                            <textcolor>black</textcolor>
                            <selectedcolor>black</selectedcolor>
                            <shadowcolor></shadowcolor>
                            <info>ListItem.Label</info>
                            <visible>ListItem.property(man)</visible>
                        </control>
                    </focusedlayout>
                </control>
            </control>
        </control>
        <!--debugging-->
        <include>DebugGrid</include>
        <control type="label">
            <include>DialogID</include>
            <label>DialogSubtitles.xml</label>
        </control>
    </controls>
</window>
