<?xml version="1.0" encoding="UTF-8"?>
<window>
    <defaultcontrol always="true">8000</defaultcontrol>
    <onunload>RunScript(script.skinshortcuts,type=buildxml&amp;mainmenuID=9001&amp;group=mainmenu|videosubmenu|musicsubmenu|picturessubmenu|gamesubmenu|extrashortcutmain)</onunload>
    <controls>
        <!--background-->
        <include>globalBackground</include>
        <control type="multiimage">
			<animation effect="fade" start="0" end="100" time="1000">WindowOpen</animation>
			<include>dimensionsFullscreen</include>
			<imagepath>$VAR[SkinSettingsBackgroundLocation]</imagepath>
			<timeperimage>45000</timeperimage>
			<fadetime>200</fadetime>
			<pauseatend>10000</pauseatend>
			<randomize>true</randomize>
			<loop>yes</loop>
			<aspectratio>scale</aspectratio>
			<colordiffuse>99ffffff</colordiffuse>
		</control>
        <!--Battery Level-->
        <include>Battery</include>
         <!--Backbutton touchscreen-->
        <include>Backbutton</include>
        <control type="group">
            <posx>col-4-begin</posx>
            <posy>row-5-begin</posy>
            <!--animations-->
            <include>modalDialogInOutVertical</include>
            <control type="image">
                <posx>-12</posx>
                <posy>-12</posy>
                <width>1320</width>
                <height>720</height>
                <texture>colors/black.png</texture>
                <colordiffuse>overlay</colordiffuse>
                <aspectratio>stretch</aspectratio>
            </control>
            <control type="image">
                <posx>0</posx>
                <posy>0</posy>
                <width>18-col</width>
                <height>2-row</height>
                <texture>background-shelfbackdrop.png</texture>
                <colordiffuse>$VAR[highlight]</colordiffuse>
                <aspectratio>stretch</aspectratio>
            </control>
            <!--title-->
            <control type="label">
                <posx>24</posx>
                <posy>0</posy>
                <width>18-col-gutter</width>
                <height>2-row</height>
                <font>dialogTitle</font>
                <label>$LOCALIZE[20077]</label>
                <textcolor>$VAR[Home]</textcolor>
                <shadowcolor></shadowcolor>
            </control>
            <!--sub menu-->
            <control type="group">
                <posx>0</posx>
                <posy>2-row</posy>
                <!-- Category buttons -->
                <control type="list" id="8000">
                    <posx>0</posx>
                    <posy>12</posy>
                    <width>276</width>
                    <height>18-row</height>
                    <onright>200</onright>
                    <itemlayout height="2-row" width="4-col">
                        <control type="label">
                            <posx>24</posx>
                            <posy>2</posy>
                            <width>4-col-gutter</width>
                            <height>2-row</height>
                            <aligny>center</aligny>
                            <font>buttonTitle</font>
                            <textcolor>textActive</textcolor>
                            <label>$INFO[ListItem.label]</label>
                            <shadowcolor></shadowcolor>
                        </control>
                    </itemlayout>
                    <focusedlayout height="2-row" width="4-col">
                        <control type="image">
                            <posx>0</posx>
                            <posy>0</posy>
                            <width>287</width>
                            <height>2-row</height>
                            <aspectratio>stretch</aspectratio>
                            <texture colordiffuse="$VAR[selected_box]">background-shelfbackdrop.png</texture>
                        </control>
                        <control type="label">
                            <posx>24</posx>
                            <posy>0</posy>
                            <width>4-col-gutter</width>
                            <height>2-row</height>
                            <aligny>center</aligny>
                            <font>buttonTitle</font>
                            <textcolor>black</textcolor>
                            <label>$INFO[ListItem.label]</label>
                            <shadowcolor></shadowcolor>
                        </control>
                    </focusedlayout>
                    <content>
                        <item id="1">
                            <label>$LOCALIZE[128]</label>
                        </item>
                        <item id="2">
                            <label>$LOCALIZE[31170]</label>
                        </item>
                        <item id="3">
                            <label>$LOCALIZE[31044]</label>
                        </item>
                        <item id="4">
                            <label>$LOCALIZE[5]</label>
                        </item>
                        <item id="5">
                            <label>$LOCALIZE[31285]</label>
                        </item>
                    </content>
                </control>
            </control>
            <!--options-->
            <control type="image">
                <posx>4-col</posx>
                <posy>2-row</posy>
                <width>14-col</width>
                <height>624</height>
                <texture>colors/black.png</texture>
                <colordiffuse>overlay</colordiffuse>
                <aspectratio>stretch</aspectratio>
            </control>
            <control type="grouplist" id="200">
                <posx>4-col</posx>
                <posy>84</posy>
                <width>14-col</width>
                <height>17-row</height>
                <onleft>8000</onleft>
                <itemgap>0</itemgap>
                <orientation>vertical</orientation>

                <!--Settings-->
                
                <control type="radiobutton" id="1">
                    <visible>Container(8000).Hasfocus(1)</visible>
                    <description>Stop video on return to menu</description>
                    <width>14-col</width>
                    <label>31138</label>
                    <onclick>Skin.ToggleSetting(stopVideoOnMenu)</onclick>
                    <selected>Skin.HasSetting(stopVideoOnMenu)</selected>
                </control>
                <control type="radiobutton" id="2">
                    <visible>Container(8000).Hasfocus(1) + !Skin.HasSetting(settings)</visible>
                    <description>Enable Home Button Further apart</description>
                    <width>14-col</width>
                    <label>$LOCALIZE[31257]</label>
                    <onclick>Skin.ToggleSetting(OSDAutoClose)</onclick>
                    <selected>Skin.HasSetting(OSDAutoClose)</selected>
                </control>
                <control type="button" id="3">
                    <visible>Container(8000).Hasfocus(1) + !Skin.HasSetting(settings)</visible>
                    <description>Automatically close video OSD Time</description>
                    <width>14-col</width>
                    <label>- $LOCALIZE[31258]</label>
                    <label2>$VAR[SkinSettingOSDAutoCloseTime]</label2>
                    <onclick>Skin.SetNumeric(OSDAutoCloseTime)</onclick>
                    <enable>Skin.HasSetting(OSDAutoClose)</enable>
                </control>

                <control type="radiobutton" id="5">
                    <visible>Container(8000).Hasfocus(1)</visible>
                    <description>Reverse power down options</description>
                    <width>14-col</width>
                    <label>31142</label>
                    <onclick>Skin.ToggleSetting(exitFirst)</onclick>
                    <selected>Skin.HasSetting(exitFirst)</selected>
                </control>
                <control type="radiobutton" id="6">
                    <visible>Container(8000).Hasfocus(3)</visible>
                    <description>Enable Debug Grid</description>
                    <width>14-col</width>
                    <label>31034</label>
                    <onclick>Skin.ToggleSetting(DebugGrid)</onclick>
                    <selected>Skin.HasSetting(DebugGrid)</selected>
                </control>
                <control type="radiobutton" id="7">
                    <visible>Container(8000).Hasfocus(3)</visible>
                    <description>Disable Debug Info</description>
                    <width>14-col</width>
                    <label>31035</label>
                    <onclick>Skin.ToggleSetting(DebugInfo)</onclick>
                    <selected>Skin.HasSetting(DebugInfo)</selected>
                </control>
                <control type="button" id="8">
                    <visible>Container(8000).Hasfocus(3)</visible>
                    <description>Reload skin</description>
                    <width>14-col</width>
                    <label>31043</label>
                    <onclick>ReloadSkin()</onclick>
                    <onclick>activateWindow(home)</onclick>
                </control>
                <control type="radiobutton" id="9">
                    <visible>Container(8000).Hasfocus(1)</visible>
                    <description>Disable fanart animation effect</description>
                    <width>14-col</width>
                    <label>31102</label>
                    <onclick>Skin.ToggleSetting(lowPowerMode)</onclick>
                    <onclick>ReloadSkin()</onclick>
                    <selected>Skin.HasSetting(lowPowerMode)</selected>
                </control>
                <control type="button" id="10">
                    <visible>Container(8000).Hasfocus(2)</visible>
                    <description>Edit home menu</description>
                    <width>14-col</width>
                    <label>31171</label>
                    <onclick>RunScript(script.skinshortcuts,type=manage&amp;group=mainmenu)</onclick>
                </control>
                <control type="button" id="11">
                    <visible>Container(8000).Hasfocus(2)</visible>
                    <description>Edit video menu</description>
                    <width>14-col</width>
                    <label>31172</label>
                    <onclick>RunScript(script.skinshortcuts,type=manage&amp;group=videosubmenu)</onclick>
                </control>
                <control type="button" id="12">
                    <visible>Container(8000).Hasfocus(2)</visible>
                    <description>Edit music menu</description>
                    <width>14-col</width>
                    <label>31173</label>
                    <onclick>RunScript(script.skinshortcuts,type=manage&amp;group=musicsubmenu)</onclick>
                </control>
                <control type="button" id="13">
                    <visible>Container(8000).Hasfocus(2)</visible>
                    <description>Edit pictures menu</description>
                    <width>14-col</width>
                    <label>31174</label>
                    <onclick>RunScript(script.skinshortcuts,type=manage&amp;group=picturessubmenu)</onclick>
                </control>
				<control type="button" id="14">
                    <visible>Container(8000).Hasfocus(2)</visible>
                    <description>Edit games menu</description>
                    <width>14-col</width>
                    <label>31233</label>
                    <onclick>RunScript(script.skinshortcuts,type=manage&amp;group=gamesubmenu)</onclick>
                </control>
                <control type="button" id="40">
                    <visible>Container(8000).Hasfocus(2)</visible>
                    <description>Edit home menu</description>
                    <width>14-col</width>
                    <label>31295</label>
                    <onclick>RunScript(script.skinshortcuts,type=manage&amp;group=extrashortcutmain)</onclick>
                </control>
                <control type="radiobutton" id="15">
                    <visible>Container(8000).Hasfocus(1)</visible>
                    <description>Extended Fanart</description>
                    <width>14-col</width>
                    <label>31220</label>
                    <onclick>Skin.ToggleSetting(disableExtendedFanart)</onclick>
                    <selected>Skin.HasSetting(disableExtendedFanart)</selected>
                </control>
				<control type="radiobutton" id="16">
                    <visible>Container(8000).Hasfocus(1)</visible>
                    <description>Disable recently added Movies</description>
                    <width>14-col</width>
                    <label>31238</label>
                    <onclick>Skin.ToggleSetting(disableRecentMovies)</onclick>
                    <selected>Skin.HasSetting(disableRecentMovies)</selected>
                </control>
				<control type="radiobutton" id="17">
                    <visible>Container(8000).Hasfocus(1)</visible>
                    <description>Disable recently added TVShows</description>
                    <width>14-col</width>
                    <label>31239</label>
                    <onclick>Skin.ToggleSetting(disableRecentTVShows)</onclick>
                    <selected>Skin.HasSetting(disableRecentTVShows)</selected>
                </control>
				<control type="radiobutton" id="18">
                    <visible>Container(8000).Hasfocus(1)</visible>
                    <description>Disable recently added Albums</description>
                    <width>14-col</width>
                    <label>31240</label>
                    <onclick>Skin.ToggleSetting(disableRecentAlbums)</onclick>
                    <selected>Skin.HasSetting(disableRecentAlbums)</selected>
                </control>
                

                <!--Apps-->
                <control type="label" id="1002">
                        <visible>Container(8000).Hasfocus(4) + $EXP[hasWeather]  + !Skin.HasSetting(settings) | System.Platform.Android</visible>
						<posx>12</posx>
						<posy>0</posy>
						<width>14-col</width>
						<height>2-col</height>
						<font>dialogTitle</font>
						<aligny>center</aligny>
						<align>center</align>
						<label>[COLOR $VAR[highlight]]--------------------------------------------------------------------------[/COLOR][CR]$LOCALIZE[31300][COLOR $VAR[highlight]][CR]--------------------------------------------------------------------------[/COLOR]</label>
				</control>
                <control type="radiobutton" id="20">
                    <visible>System.Platform.Android + Container(8000).Hasfocus(4) + !Skin.HasSetting(settings)</visible>
                    <description>Android System allowed</description>
                    <width>14-col</width>
                    <label>31246</label>
                    <onclick>Skin.Togglesetting(Show Android Apps)</onclick>
                    <selected>Skin.HasSetting(Show Android Apps)</selected>
                </control>
                <control type="radiobutton" id="21">
                    <visible>Container(8000).Hasfocus(4) + !Skin.HasSetting(settings) + System.Platform.Android</visible>
                    <description>Enable Youtube</description>
                    <width>14-col</width>
                    <label>31255</label>
                    <onclick>Skin.Togglesetting(Youtube)</onclick>
                    <selected>Skin.HasSetting(Youtube)</selected>
                </control>
                <control type="radiobutton" id="22">
                    <visible>Container(8000).Hasfocus(4) + !Skin.HasSetting(settings) + System.Platform.Android</visible>
                    <description>Enable SmartTube</description>
                    <width>14-col</width>
                    <label>31256</label>
                    <onclick>Skin.Togglesetting(SmartTube)</onclick>
                    <selected>Skin.HasSetting(SmartTube)</selected>
                </control>
                <control type="radiobutton" id="23">
                    <visible>Container(8000).Hasfocus(4) + !Skin.HasSetting(settings) + $EXP[hasWeather]</visible>
                    <description>Weather icons</description>
                    <width>14-col</width>
                    <label>$LOCALIZE[8] Icons ($LOCALIZE[31254])</label>
                    <onclick>Skin.Togglesetting(weather icons)</onclick>
                    <selected>Skin.HasSetting(weather icons)</selected>
                </control>
				<control type="button" id="24">
					<visible>Container(8000).Hasfocus(4) + !Skin.HasSetting(settings) + $EXP[hasWeather] + Skin.HasSetting(weather icons)</visible>
					<width>14-col</width>
                    <label>- $LOCALIZE[31265]</label>
					<label2>[COLOR $VAR[selected]]$INFO[Skin.String(weathericons.name)][/COLOR]</label2>
					<onclick condition="!System.HasAddon(script.image.resource.select)">InstallAddon(script.image.resource.select)</onclick>
					<onclick condition="System.HasAddon(script.image.resource.select)">RunScript(script.image.resource.select,property=weathericons&amp;type=resource.images.weathericons)</onclick>
				</control>

                <!--general-->
                
                <control type="label" id="1001">
                        <visible>Container(8000).Hasfocus(4) + Integer.IsGreater(System.BatteryLevel,1)</visible>
						<posx>12</posx>
						<posy>0</posy>
						<width>14-col</width>
						<height>2-col</height>
						<font>dialogTitle</font>
						<aligny>center</aligny>
						<align>center</align>
						<label>[COLOR $VAR[highlight]]--------------------------------------------------------------------------[/COLOR][CR]$LOCALIZE[31299][COLOR $VAR[highlight]][CR]--------------------------------------------------------------------------[/COLOR]</label>
				</control>
                <control type="radiobutton" id="28">
                    <visible>Container(8000).Hasfocus(4)</visible>
                    <description>Disable Settings Button</description>
                    <width>14-col</width>
                    <label>31243</label>
                    <onclick>Skin.Togglesetting(settings)</onclick>
                    <selected>Skin.HasSetting(settings)</selected>
                </control>
                <control type="radiobutton" id="32">
                    <visible>Container(8000).Hasfocus(4) + !Skin.HasSetting(settings)</visible>
                    <description>short settings window</description>
                    <width>14-col</width>
                    <label>31297</label>
                    <onclick>Skin.Togglesetting(set_short_settings)</onclick>
                    <selected>Skin.HasSetting(set_short_settings)</selected>
                </control>
                <control type="radiobutton" id="19">
                    <visible>Container(8000).Hasfocus(4) + !Skin.HasSetting(settings) + Integer.IsGreater(System.BatteryLevel,1)</visible>
                    <description>Enable Battery Level</description>
                    <width>14-col</width> 
                    <label>31241</label>
                    <onclick>Skin.Togglesetting(show_battery)</onclick>
                    <selected>Skin.HasSetting(show_battery)</selected>
                </control>
                <control type="radiobutton" id="25">
                    <visible>Container(8000).Hasfocus(4) + !Skin.HasSetting(settings)</visible>
                    <description>Enable Back Button for Touchscreen</description>
                    <width>14-col</width>
                    <label>31242</label>
                    <onclick>Skin.Togglesetting(Touch)</onclick>
                    <selected>Skin.HasSetting(Touch)</selected>
                </control>
                <control type="radiobutton" id="26">
                    <visible>Container(8000).Hasfocus(4) + Skin.HasSetting(Touch) + !Skin.HasSetting(settings)</visible>
                    <description>Enable Home Button Further apart</description>
                    <width>14-col</width>
                    <label>31260</label>
                    <onclick>Skin.Togglesetting(crosskey)</onclick>
                    <selected>Skin.HasSetting(crosskey)</selected>
                </control>
                <!--
                <control type="radiobutton" id="34">
					<visible>Container(8000).Hasfocus(4)</visible>
                    <description></description>
                    <width>14-col</width>		
                    <onclick>Skin.ToggleSetting(Enable.HourMinuteDuration)</onclick>
					<selected>Skin.HasSetting(Enable.HourMinuteDuration)</selected>
					<label>$LOCALIZE[31322]</label>
                </control>
                -->
                <!--homescreen-->
                <control type="label" id="1003">
                        <visible>Container(8000).Hasfocus(4) + !Skin.HasSetting(settings)</visible>
						<posx>12</posx>
						<posy>0</posy>
						<width>14-col</width>
						<height>2-col</height>
						<font>dialogTitle</font>
						<aligny>center</aligny>
						<align>center</align>
						<label>[COLOR $VAR[highlight]]--------------------------------------------------------------------------[/COLOR][CR]$LOCALIZE[31301][COLOR $VAR[highlight]][CR]--------------------------------------------------------------------------[/COLOR]</label>
				</control>
                <control type="togglebutton" id="4">
                    <visible>Container(8000).Hasfocus(4) + !Skin.HasSetting(settings)</visible>
                    <description>Change Backgrounds</description>
                    <width>14-col</width>
                    <label>31283</label>
                    <onclick>activatewindow(1111)</onclick>
                </control>
                <control type="button" id="27">
                    <visible>Container(8000).Hasfocus(4) + !Skin.HasSetting(settings)</visible>
                    <description>Change Main Button Menu look</description>
                    <width>14-col</width>
                    <label>$LOCALIZE[31261]</label>
                    <label2>$VAR[homestyle]</label2>
                    <onclick>activatewindow(1106)</onclick>
                </control>
                
                <control type="radiobutton" id="29">
                    <visible>Container(8000).Hasfocus(4) + !Skin.HasSetting(settings)</visible>
                    <description>Enable Home Button Further apart</description>
                    <width>14-col</width>
                    <label>31244</label>
                    <onclick>Skin.Togglesetting(Further_apart)</onclick>
                    <selected>Skin.HasSetting(Further_apart)</selected>
                </control>
                <control type="radiobutton" id="31">
                    <visible>Container(8000).Hasfocus(4) + !Skin.HasSetting(settings)</visible>
                    <description>Intro enable</description>
                    <width>14-col</width>
                    <label>31293</label>
                    <onclick>Skin.Togglesetting(StartupIntro)</onclick>
                    <onclick condition="Skin.HasSetting(StartupIntro)">Skin.SetString(StartupIntro,special://skin/extras/intro.mov)</onclick>
                    <onclick condition="!Skin.HasSetting(StartupIntro)">Skin.Reset(StartupIntro)</onclick>
                    <selected>Skin.HasSetting(StartupIntro)</selected>
                </control>

                <control type="radiobutton" id="33">
                    <visible>Container(8000).Hasfocus(4) + !Skin.HasSetting(settings)</visible>
                    <description>Intro enable</description>
                    <width>14-col</width>
                    <label>31294</label>
                    <onclick>Skin.Togglesetting(widget)</onclick>
                    
                    <selected>Skin.HasSetting(widget)</selected>
                </control>

                <control type="button" id="30">
                    <width>1360</width>
                    <visible>Container(8000).Hasfocus(5)</visible>
                    <label>$LOCALIZE[31284]</label>
                    <onclick condition="!System.HasAddon(script.xbmcbackup)">InstallAddon(script.xbmcbackup)</onclick>
                    <onclick>RunScript(script.xbmcbackup)</onclick>
                </control>
                
            </control>
        </control>
        <!--debugging-->
        <include>DebugGrid</include>
        <control type="label">
            <include>DialogID</include>
            <label>SkinSettings.xml</label>
        </control>
    </controls>
</window>
